"T","Distance","Radius","FreeRadius","BRadius","X","Y","Z"
0.000,0.000,9.313,9.623,10.807,2.106,19.497,-89.904
0.001,0.238,9.152,9.461,10.636,2.086,19.419,-89.679
0.001,0.476,8.990,9.299,10.466,2.067,19.342,-89.456
0.002,0.711,8.830,9.139,10.297,2.047,19.264,-89.234
0.003,0.943,8.672,8.980,10.130,2.028,19.186,-89.016
0.004,1.172,8.516,8.824,9.965,2.009,19.108,-88.802
0.004,1.396,8.363,8.670,9.804,1.990,19.029,-88.594
0.005,1.614,8.213,8.520,9.645,1.972,18.950,-88.391
0.006,1.825,8.068,8.374,9.491,1.954,18.871,-88.197
0.006,2.028,7.927,8.232,9.342,1.937,18.791,-88.010
0.007,2.223,7.792,8.096,9.198,1.920,18.711,-87.833
0.008,2.409,7.662,7.965,9.060,1.904,18.630,-87.667
0.009,2.584,7.538,7.840,8.928,1.889,18.549,-87.512
0.009,2.749,7.422,7.723,8.804,1.874,18.466,-87.370
0.010,2.903,7.313,7.613,8.687,1.861,18.383,-87.242
0.011,3.044,7.213,7.511,8.579,1.848,18.299,-87.128
0.011,3.174,7.120,7.416,8.478,1.836,18.214,-87.031
0.012,3.293,7.034,7.328,8.385,1.825,18.129,-86.949
0.013,3.403,6.954,7.246,8.298,1.815,18.042,-86.882
0.014,3.506,6.880,7.170,8.218,1.805,17.955,-86.828
0.014,3.603,6.812,7.099,8.143,1.795,17.868,-86.785
0.015,3.698,6.748,7.032,8.073,1.784,17.782,-86.750
0.016,3.790,6.687,6.968,8.007,1.772,17.695,-86.721
0.016,3.880,6.630,6.908,7.945,1.759,17.609,-86.697
0.017,3.969,6.575,6.849,7.886,1.745,17.524,-86.676
0.018,4.057,6.522,6.792,7.830,1.728,17.440,-86.654
0.019,4.145,6.471,6.736,7.776,1.708,17.358,-86.632
0.019,4.233,6.419,6.680,7.723,1.686,17.277,-86.605
0.020,4.322,6.368,6.623,7.671,1.660,17.198,-86.573
0.021,4.413,6.316,6.565,7.619,1.630,17.121,-86.534
0.021,4.508,6.263,6.506,7.566,1.597,17.047,-86.484
0.022,4.610,6.208,6.444,7.513,1.559,16.975,-86.423
0.023,4.720,6.150,6.380,7.457,1.516,16.907,-86.348
0.024,4.841,6.089,6.314,7.400,1.468,16.841,-86.258
0.024,4.974,6.024,6.244,7.339,1.416,16.777,-86.154
0.025,5.118,5.955,6.171,7.274,1.361,16.714,-86.037
0.026,5.272,5.881,6.094,7.205,1.304,16.651,-85.908
0.026,5.436,5.801,6.013,7.130,1.247,16.587,-85.769
0.027,5.610,5.714,5.927,7.050,1.189,16.521,-85.619
0.028,5.791,5.621,5.836,6.963,1.133,16.451,-85.462
0.029,5.980,5.521,5.740,6.868,1.079,16.377,-85.297
0.029,6.175,5.412,5.639,6.766,1.028,16.298,-85.125
0.030,6.376,5.295,5.531,6.656,0.981,16.212,-84.949
0.031,6.583,5.168,5.417,6.536,0.940,16.119,-84.769
0.031,6.795,5.033,5.297,6.407,0.906,16.018,-84.586
0.032,7.012,4.890,5.172,6.271,0.878,15.907,-84.401
0.033,7.235,4.742,5.042,6.130,0.860,15.785,-84.216
0.034,7.462,4.589,4.909,5.983,0.851,15.652,-84.032
0.034,7.696,4.435,4.773,5.834,0.852,15.507,-83.849
0.035,7.936,4.279,4.636,5.683,0.865,15.348,-83.669
0.036,8.181,4.123,4.498,5.532,0.887,15.179,-83.493
0.036,8.430,3.970,4.360,5.382,0.918,15.002,-83.321
0.037,8.682,3.820,4.223,5.235,0.957,14.818,-83.154
0.038,8.934,3.675,4.087,5.092,1.002,14.629,-82.992
0.039,9.186,3.537,3.954,4.954,1.052,14.439,-82.836
0.039,9.433,3.407,3.825,4.824,1.106,14.248,-82.687
0.040,9.676,3.288,3.700,4.702,1.163,14.060,-82.546
0.041,9.910,3.179,3.580,4.590,1.222,13.876,-82.412
0.041,10.135,3.082,3.466,4.489,1.281,13.698,-82.288
0.042,10.348,2.997,3.359,4.397,1.339,13.529,-82.173
0.043,10.546,2.922,3.257,4.316,1.395,13.371,-82.068
0.044,10.727,2.858,3.162,4.244,1.448,13.225,-81.974
0.044,10.888,2.803,3.074,4.181,1.496,13.095,-81.892
0.045,11.028,2.757,2.993,4.127,1.539,12.982,-81.822
0.046,11.144,2.719,2.919,4.080,1.575,12.888,-81.764
0.046,11.235,2.688,2.853,4.042,1.604,12.814,-81.719
0.047,11.303,2.665,2.794,4.011,1.627,12.759,-81.686
0.048,11.351,2.648,2.744,3.988,1.642,12.720,-81.664
0.049,11.381,2.636,2.701,3.971,1.653,12.696,-81.650
0.049,11.394,2.630,2.667,3.960,1.658,12.684,-81.645
0.050,11.396,2.628,2.642,3.955,1.659,12.684,-81.647
0.051,11.408,2.629,2.625,3.956,1.656,12.693,-81.654
0.051,11.429,2.634,2.617,3.961,1.649,12.710,-81.665
0.052,11.457,2.641,2.617,3.971,1.640,12.731,-81.680
0.053,11.489,2.650,2.623,3.985,1.629,12.757,-81.696
0.054,11.524,2.661,2.635,4.001,1.617,12.785,-81.714
0.054,11.559,2.673,2.651,4.019,1.603,12.812,-81.731
0.055,11.592,2.686,2.670,4.039,1.590,12.838,-81.746
0.056,11.621,2.698,2.691,4.059,1.576,12.861,-81.758
0.056,11.643,2.710,2.712,4.079,1.563,12.877,-81.766
0.057,11.658,2.721,2.734,4.098,1.552,12.887,-81.768
0.058,11.668,2.730,2.754,4.115,1.543,12.889,-81.765
0.059,11.681,2.737,2.771,4.130,1.535,12.883,-81.757
0.059,11.701,2.741,2.785,4.142,1.529,12.870,-81.743
0.060,11.727,2.743,2.794,4.150,1.525,12.851,-81.725
0.061,11.760,2.740,2.797,4.153,1.522,12.827,-81.703
0.061,11.799,2.734,2.794,4.152,1.521,12.798,-81.677
0.062,11.843,2.724,2.784,4.145,1.522,12.765,-81.648
0.063,11.891,2.710,2.769,4.134,1.524,12.729,-81.617
0.064,11.943,2.694,2.749,4.120,1.528,12.689,-81.583
0.064,11.998,2.676,2.726,4.103,1.534,12.648,-81.548
0.065,12.055,2.656,2.701,4.083,1.540,12.605,-81.511
0.066,12.113,2.635,2.673,4.062,1.549,12.561,-81.474
0.066,12.171,2.613,2.644,4.039,1.559,12.517,-81.436
0.067,12.230,2.591,2.615,4.015,1.570,12.474,-81.399
0.068,12.287,2.569,2.586,3.991,1.582,12.431,-81.362
0.069,12.343,2.548,2.558,3.968,1.596,12.391,-81.327
0.069,12.396,2.527,2.533,3.945,1.611,12.353,-81.292
0.070,12.448,2.509,2.511,3.924,1.628,12.316,-81.259
0.071,12.499,2.492,2.493,3.905,1.644,12.282,-81.225
0.071,12.549,2.479,2.479,3.889,1.662,12.250,-81.192
0.072,12.598,2.467,2.469,3.875,1.680,12.220,-81.158
0.073,12.646,2.457,2.463,3.863,1.697,12.191,-81.123
0.074,12.695,2.449,2.459,3.853,1.715,12.164,-81.087
0.074,12.743,2.442,2.459,3.845,1.732,12.139,-81.049
0.075,12.793,2.437,2.460,3.839,1.749,12.115,-81.008
0.076,12.844,2.431,2.463,3.834,1.765,12.093,-80.966
0.076,12.896,2.426,2.466,3.830,1.779,12.072,-80.920
0.077,12.951,2.420,2.470,3.826,1.793,12.053,-80.870
0.078,13.008,2.414,2.473,3.824,1.805,12.035,-80.817
0.079,13.069,2.407,2.476,3.821,1.815,12.018,-80.760
0.079,13.134,2.399,2.477,3.819,1.823,12.002,-80.698
0.080,13.203,2.389,2.477,3.817,1.828,11.988,-80.630
0.081,13.277,2.377,2.473,3.815,1.832,11.973,-80.558
0.081,13.355,2.363,2.467,3.811,1.833,11.959,-80.481
0.082,13.437,2.347,2.458,3.808,1.833,11.944,-80.400
0.083,13.523,2.328,2.446,3.803,1.830,11.927,-80.315
0.084,13.613,2.308,2.432,3.797,1.826,11.907,-80.228
0.084,13.707,2.286,2.415,3.791,1.821,11.884,-80.138
0.085,13.803,2.262,2.397,3.783,1.814,11.857,-80.045
0.086,13.903,2.238,2.376,3.773,1.806,11.825,-79.951
0.086,14.005,2.212,2.354,3.762,1.796,11.787,-79.857
0.087,14.111,2.185,2.331,3.750,1.786,11.743,-79.761
0.088,14.220,2.157,2.307,3.735,1.775,11.691,-79.665
0.089,14.334,2.130,2.282,3.718,1.763,11.631,-79.570
0.089,14.451,2.101,2.256,3.700,1.751,11.562,-79.476
0.090,14.573,2.073,2.230,3.679,1.739,11.484,-79.383
0.091,14.701,2.045,2.204,3.655,1.726,11.395,-79.291
0.091,14.836,2.017,2.178,3.629,1.713,11.295,-79.203
0.092,14.977,1.990,2.153,3.601,1.700,11.183,-79.116
0.093,15.126,1.964,2.128,3.572,1.687,11.062,-79.032
0.094,15.281,1.939,2.104,3.542,1.672,10.932,-78.949
0.094,15.442,1.917,2.082,3.513,1.657,10.793,-78.867
0.095,15.610,1.898,2.062,3.485,1.640,10.648,-78.787
0.096,15.783,1.882,2.044,3.460,1.621,10.495,-78.707
0.096,15.960,1.869,2.029,3.437,1.600,10.338,-78.627
0.097,16.143,1.861,2.016,3.418,1.577,10.176,-78.547
0.098,16.328,1.857,2.007,3.403,1.550,10.010,-78.467
0.099,16.517,1.859,2.001,3.394,1.521,9.842,-78.386
0.099,16.709,1.866,1.999,3.392,1.488,9.673,-78.303
0.100,16.902,1.880,2.002,3.396,1.452,9.502,-78.220
0.101,17.097,1.901,2.009,3.409,1.411,9.332,-78.134
0.101,17.293,1.928,2.021,3.431,1.366,9.162,-78.047
0.102,17.489,1.963,2.038,3.461,1.316,8.995,-77.957
0.103,17.686,2.005,2.061,3.500,1.261,8.831,-77.864
0.103,17.882,2.053,2.089,3.546,1.201,8.670,-77.768
0.104,18.079,2.107,2.124,3.600,1.136,8.513,-77.670
0.105,18.275,2.166,2.165,3.661,1.066,8.359,-77.569
0.106,18.472,2.230,2.213,3.727,0.991,8.210,-77.466
0.106,18.668,2.298,2.267,3.800,0.911,8.064,-77.362
0.107,18.864,2.371,2.329,3.877,0.826,7.923,-77.255
0.108,19.061,2.446,2.398,3.958,0.736,7.786,-77.147
0.108,19.257,2.525,2.476,4.043,0.641,7.653,-77.038
0.109,19.453,2.605,2.561,4.131,0.542,7.526,-76.928
0.110,19.648,2.688,2.654,4.221,0.437,7.403,-76.817
0.111,19.844,2.772,2.756,4.314,0.328,7.285,-76.705
0.111,20.040,2.857,2.867,4.407,0.214,7.173,-76.593
0.112,20.235,2.943,2.986,4.502,0.095,7.066,-76.481
0.113,20.431,3.028,3.112,4.597,-0.029,6.964,-76.368
0.113,20.626,3.113,3.242,4.691,-0.157,6.868,-76.256
0.114,20.821,3.197,3.376,4.784,-0.290,6.779,-76.145
0.115,21.016,3.280,3.512,4.876,-0.426,6.695,-76.034
0.116,21.209,3.361,3.646,4.966,-0.565,6.617,-75.925
0.116,21.400,3.439,3.779,5.053,-0.706,6.544,-75.819
0.117,21.587,3.515,3.908,5.136,-0.846,6.477,-75.715
0.118,21.769,3.588,4.031,5.216,-0.986,6.416,-75.615
0.118,21.945,3.657,4.147,5.291,-1.123,6.360,-75.520
0.119,22.115,3.722,4.253,5.361,-1.257,6.310,-75.429
0.120,22.276,3.782,4.349,5.426,-1.387,6.265,-75.344
0.121,22.428,3.837,4.431,5.484,-1.510,6.225,-75.265
0.121,22.569,3.887,4.500,5.536,-1.627,6.190,-75.193
0.122,22.699,3.931,4.552,5.580,-1.736,6.161,-75.129
0.123,22.816,3.970,4.591,5.618,-1.835,6.136,-75.073
0.123,22.918,4.003,4.615,5.650,-1.924,6.116,-75.026
0.124,23.006,4.031,4.628,5.675,-2.001,6.101,-74.988
0.125,23.076,4.055,4.631,5.695,-2.066,6.090,-74.961
0.126,23.130,4.074,4.623,5.711,-2.117,6.084,-74.945
0.126,23.169,4.089,4.607,5.721,-2.155,6.082,-74.937
0.127,23.195,4.101,4.584,5.727,-2.181,6.085,-74.937
0.128,23.213,4.108,4.556,5.730,-2.197,6.090,-74.942
0.128,23.228,4.113,4.522,5.729,-2.205,6.099,-74.951
0.129,23.244,4.115,4.486,5.726,-2.204,6.111,-74.961
0.130,23.262,4.113,4.447,5.720,-2.198,6.125,-74.971
0.131,23.283,4.110,4.407,5.711,-2.187,6.142,-74.979
0.131,23.306,4.104,4.367,5.702,-2.173,6.160,-74.982
0.132,23.332,4.097,4.329,5.691,-2.157,6.180,-74.978
0.133,23.361,4.088,4.293,5.679,-2.140,6.200,-74.967
0.133,23.395,4.078,4.259,5.667,-2.124,6.221,-74.946
0.134,23.437,4.068,4.228,5.656,-2.110,6.243,-74.912
0.135,23.490,4.058,4.200,5.645,-2.100,6.264,-74.864
0.136,23.558,4.049,4.175,5.635,-2.095,6.286,-74.801
0.136,23.642,4.041,4.154,5.626,-2.095,6.306,-74.719
0.137,23.745,4.034,4.138,5.620,-2.104,6.325,-74.619
0.138,23.865,4.030,4.127,5.616,-2.119,6.343,-74.500
0.138,24.002,4.029,4.120,5.615,-2.140,6.360,-74.366
0.139,24.152,4.030,4.120,5.617,-2.167,6.375,-74.219
0.140,24.313,4.036,4.125,5.623,-2.198,6.389,-74.062
0.141,24.483,4.045,4.137,5.633,-2.233,6.401,-73.896
0.141,24.660,4.059,4.155,5.648,-2.272,6.411,-73.724
0.142,24.840,4.079,4.180,5.668,-2.312,6.419,-73.548
0.143,25.023,4.102,4.212,5.693,-2.354,6.426,-73.371
0.143,25.204,4.130,4.249,5.722,-2.397,6.430,-73.195
0.144,25.382,4.162,4.291,5.754,-2.441,6.432,-73.022
0.145,25.555,4.196,4.336,5.789,-2.483,6.432,-72.854
0.146,25.719,4.232,4.383,5.826,-2.523,6.429,-72.695
0.146,25.873,4.270,4.432,5.864,-2.562,6.424,-72.546
0.147,26.014,4.309,4.481,5.903,-2.597,6.416,-72.410
0.148,26.140,4.349,4.529,5.942,-2.629,6.405,-72.288
0.148,26.250,4.388,4.576,5.981,-2.656,6.392,-72.183
0.149,26.343,4.426,4.620,6.019,-2.679,6.376,-72.094
0.150,26.421,4.462,4.660,6.054,-2.698,6.359,-72.020
0.151,26.487,4.496,4.696,6.088,-2.713,6.340,-71.960
0.151,26.540,4.528,4.726,6.118,-2.726,6.320,-71.911
0.152,26.583,4.556,4.750,6.145,-2.735,6.300,-71.874
0.153,26.618,4.581,4.767,6.167,-2.743,6.280,-71.847
0.153,26.645,4.602,4.779,6.187,-2.748,6.260,-71.829
0.154,26.667,4.619,4.787,6.202,-2.751,6.242,-71.819
0.155,26.684,4.634,4.791,6.215,-2.753,6.225,-71.815
0.156,26.699,4.645,4.793,6.225,-2.755,6.210,-71.816
0.156,26.712,4.653,4.793,6.231,-2.755,6.198,-71.821
0.157,26.725,4.658,4.792,6.235,-2.756,6.188,-71.829
0.158,26.736,4.660,4.791,6.237,-2.756,6.183,-71.839
0.158,26.747,4.659,4.791,6.236,-2.757,6.181,-71.849
0.159,26.756,4.655,4.793,6.233,-2.759,6.183,-71.858
0.160,26.767,4.649,4.799,6.228,-2.762,6.190,-71.866
0.161,26.779,4.640,4.807,6.221,-2.766,6.201,-71.871
0.161,26.792,4.628,4.821,6.213,-2.770,6.213,-71.872
0.162,26.806,4.614,4.840,6.203,-2.774,6.226,-71.869
0.163,26.821,4.598,4.865,6.193,-2.778,6.238,-71.861
0.163,26.839,4.581,4.896,6.182,-2.781,6.248,-71.847
0.164,26.861,4.565,4.933,6.173,-2.782,6.255,-71.826
0.165,26.890,4.550,4.976,6.166,-2.782,6.256,-71.797
0.166,26.927,4.538,5.025,6.162,-2.779,6.251,-71.760
0.166,26.975,4.530,5.079,6.163,-2.775,6.239,-71.714
0.167,27.036,4.526,5.139,6.168,-2.767,6.217,-71.657
0.168,27.111,4.528,5.204,6.179,-2.756,6.185,-71.590
0.168,27.203,4.537,5.275,6.197,-2.741,6.142,-71.511
0.169,27.312,4.555,5.352,6.223,-2.723,6.085,-71.419
0.170,27.442,4.581,5.434,6.258,-2.699,6.013,-71.314
0.171,27.592,4.618,5.522,6.303,-2.671,5.926,-71.195
0.171,27.765,4.667,5.614,6.359,-2.638,5.821,-71.062
0.172,27.957,4.727,5.713,6.426,-2.600,5.702,-70.915
0.173,28.168,4.801,5.816,6.505,-2.558,5.568,-70.758
0.173,28.395,4.885,5.924,6.595,-2.512,5.421,-70.591
0.174,28.636,4.980,6.036,6.694,-2.462,5.263,-70.417
0.175,28.888,5.083,6.152,6.801,-2.410,5.095,-70.236
0.176,29.149,5.194,6.271,6.915,-2.355,4.918,-70.052
0.176,29.418,5.310,6.393,7.034,-2.298,4.733,-69.865
0.177,29.692,5.432,6.518,7.158,-2.239,4.542,-69.678
0.178,29.970,5.556,6.644,7.285,-2.179,4.346,-69.491
0.178,30.248,5.683,6.772,7.413,-2.118,4.147,-69.307
0.179,30.524,5.810,6.902,7.542,-2.056,3.945,-69.128
0.180,30.798,5.937,7.031,7.670,-1.995,3.743,-68.955
0.181,31.066,6.062,7.161,7.796,-1.934,3.540,-68.790
0.181,31.326,6.184,7.291,7.919,-1.874,3.340,-68.634
0.182,31.578,6.301,7.420,8.038,-1.815,3.143,-68.490
0.183,31.818,6.412,7.548,8.151,-1.758,2.949,-68.359
0.183,32.048,6.518,7.674,8.258,-1.702,2.761,-68.240
0.184,32.265,6.618,7.799,8.359,-1.649,2.578,-68.136
0.185,32.470,6.712,7.922,8.455,-1.598,2.401,-68.045
0.186,32.663,6.800,8.043,8.544,-1.548,2.231,-67.969
0.186,32.843,6.881,8.161,8.627,-1.501,2.068,-67.908
0.187,33.010,6.957,8.277,8.703,-1.457,1.914,-67.862
0.188,33.165,7.025,8.389,8.773,-1.415,1.767,-67.832
0.188,33.309,7.087,8.499,8.836,-1.376,1.630,-67.819
0.189,33.441,7.143,8.605,8.892,-1.339,1.503,-67.821
0.190,33.564,7.191,8.707,8.940,-1.306,1.387,-67.841
0.191,33.680,7.232,8.805,8.982,-1.276,1.281,-67.878
0.191,33.792,7.266,8.899,9.016,-1.249,1.187,-67.934
0.192,33.904,7.292,8.988,9.042,-1.225,1.106,-68.007
0.193,34.021,7.311,9.073,9.061,-1.204,1.037,-68.099
0.193,34.146,7.324,9.152,9.072,-1.188,0.983,-68.211
0.194,34.281,7.329,9.225,9.077,-1.175,0.941,-68.339
0.195,34.423,7.329,9.293,9.076,-1.165,0.912,-68.478
0.196,34.568,7.323,9.354,9.069,-1.157,0.893,-68.621
0.196,34.709,7.313,9.408,9.057,-1.152,0.883,-68.761
0.197,34.841,7.298,9.454,9.042,-1.148,0.881,-68.893
0.198,34.957,7.279,9.493,9.022,-1.146,0.885,-69.009
0.198,35.052,7.256,9.524,8.999,-1.145,0.893,-69.104
0.199,35.119,7.230,9.547,8.974,-1.143,0.904,-69.169
0.200,35.152,7.202,9.560,8.947,-1.142,0.917,-69.201
0.201,35.169,7.172,9.564,8.918,-1.140,0.930,-69.190
0.201,35.228,7.141,9.559,8.888,-1.138,0.941,-69.132
0.202,35.341,7.108,9.543,8.858,-1.134,0.950,-69.019
0.203,35.515,7.075,9.517,8.829,-1.127,0.953,-68.845
0.203,35.757,7.043,9.482,8.800,-1.119,0.951,-68.604
0.204,36.072,7.014,9.441,8.775,-1.108,0.942,-68.289
0.205,36.469,6.987,9.396,8.754,-1.093,0.923,-67.893
0.206,36.944,6.966,9.350,8.739,-1.075,0.896,-67.419
0.206,37.490,6.951,9.303,8.730,-1.054,0.859,-66.875
0.207,38.094,6.944,9.259,8.729,-1.031,0.816,-66.273
0.208,38.746,6.946,9.220,8.737,-1.006,0.766,-65.623
0.208,39.436,6.959,9.188,8.757,-0.979,0.711,-64.936
0.209,40.153,6.983,9.165,8.788,-0.950,0.652,-64.222
0.210,40.886,7.021,9.153,8.832,-0.921,0.589,-63.492
0.211,41.625,7.073,9.155,8.891,-0.891,0.524,-62.757
0.211,42.358,7.142,9.172,8.966,-0.862,0.458,-62.027
0.212,43.076,7.227,9.208,9.057,-0.832,0.392,-61.312
0.213,43.768,7.331,9.263,9.167,-0.804,0.326,-60.624
0.213,44.423,7.452,9.336,9.293,-0.777,0.262,-59.973
0.214,45.031,7.586,9.424,9.433,-0.751,0.202,-59.369
0.215,45.580,7.731,9.525,9.582,-0.727,0.145,-58.823
0.216,46.060,7.883,9.636,9.738,-0.706,0.093,-58.346
0.216,46.462,8.040,9.753,9.898,-0.688,0.046,-57.948
0.217,46.782,8.198,9.874,10.060,-0.673,0.006,-57.631
0.218,47.028,8.354,9.995,10.219,-0.660,-0.028,-57.387
0.218,47.206,8.506,10.115,10.373,-0.651,-0.057,-57.212
0.219,47.323,8.650,10.230,10.518,-0.643,-0.081,-57.098
0.220,47.386,8.784,10.338,10.653,-0.637,-0.100,-57.038
0.221,47.406,8.904,10.434,10.773,-0.634,-0.116,-57.026
0.221,47.437,9.007,10.518,10.876,-0.632,-0.127,-57.055
0.222,47.501,9.090,10.585,10.958,-0.631,-0.136,-57.118
0.223,47.592,9.151,10.633,11.018,-0.631,-0.142,-57.209
0.223,47.704,9.190,10.662,11.054,-0.633,-0.145,-57.321
0.224,47.831,9.209,10.674,11.071,-0.635,-0.147,-57.448
0.225,47.965,9.211,10.672,11.070,-0.638,-0.147,-57.582
0.226,48.101,9.199,10.657,11.054,-0.640,-0.146,-57.717
0.226,48.231,9.174,10.632,11.025,-0.643,-0.144,-57.847
0.227,48.348,9.139,10.598,10.987,-0.646,-0.142,-57.965
0.228,48.447,9.097,10.558,10.941,-0.648,-0.141,-58.064
0.228,48.526,9.049,10.513,10.891,-0.650,-0.139,-58.142
0.229,48.585,9.000,10.466,10.838,-0.652,-0.138,-58.201
0.230,48.628,8.951,10.419,10.786,-0.653,-0.138,-58.244
0.231,48.654,8.904,10.374,10.737,-0.653,-0.137,-58.270
0.231,48.667,8.862,10.332,10.694,-0.654,-0.137,-58.283
0.232,48.668,8.827,10.297,10.659,-0.654,-0.137,-58.284
0.233,48.678,8.803,10.269,10.634,-0.653,-0.137,-58.274
0.233,48.696,8.789,10.250,10.621,-0.653,-0.137,-58.255
0.234,48.722,8.784,10.239,10.618,-0.652,-0.138,-58.229
0.235,48.754,8.787,10.234,10.623,-0.652,-0.138,-58.198
0.236,48.789,8.797,10.236,10.636,-0.651,-0.139,-58.163
0.236,48.826,8.813,10.242,10.655,-0.650,-0.140,-58.125
0.237,48.864,8.833,10.253,10.679,-0.649,-0.140,-58.088
0.238,48.900,8.857,10.267,10.706,-0.648,-0.141,-58.051
0.238,48.934,8.883,10.283,10.736,-0.647,-0.141,-58.018
0.239,48.963,8.910,10.301,10.766,-0.647,-0.142,-57.989
0.240,48.987,8.937,10.319,10.796,-0.646,-0.142,-57.965
0.241,49.006,8.963,10.337,10.824,-0.646,-0.143,-57.946
0.241,49.021,8.986,10.354,10.849,-0.645,-0.143,-57.931
0.242,49.031,9.005,10.369,10.869,-0.645,-0.143,-57.920
0.243,49.038,9.020,10.381,10.884,-0.645,-0.143,-57.913
0.243,49.041,9.029,10.390,10.892,-0.645,-0.143,-57.910
0.244,49.041,9.033,10.395,10.895,-0.645,-0.143,-57.911
0.245,49.045,9.033,10.398,10.892,-0.645,-0.143,-57.914
0.246,49.051,9.029,10.399,10.886,-0.645,-0.143,-57.920
0.246,49.060,9.022,10.397,10.877,-0.645,-0.143,-57.929
0.247,49.071,9.013,10.394,10.864,-0.646,-0.142,-57.940
0.248,49.084,9.002,10.389,10.850,-0.646,-0.142,-57.953
0.248,49.099,8.990,10.383,10.835,-0.646,-0.142,-57.968
0.249,49.115,8.978,10.376,10.819,-0.647,-0.142,-57.985
0.250,49.133,8.966,10.368,10.804,-0.647,-0.142,-58.002
0.251,49.151,8.954,10.360,10.789,-0.647,-0.142,-58.021
0.251,49.170,8.943,10.352,10.777,-0.648,-0.142,-58.039
0.252,49.189,8.935,10.344,10.767,-0.648,-0.142,-58.058
0.253,49.206,8.929,10.337,10.760,-0.648,-0.142,-58.076
0.253,49.223,8.926,10.330,10.757,-0.649,-0.142,-58.092
0.254,49.237,8.925,10.325,10.757,-0.649,-0.142,-58.107
0.255,49.249,8.927,10.321,10.760,-0.649,-0.142,-58.119
0.256,49.258,8.931,10.318,10.766,-0.649,-0.142,-58.127
0.256,49.263,8.936,10.316,10.774,-0.649,-0.142,-58.132
0.257,49.264,8.943,10.316,10.784,-0.649,-0.142,-58.133
0.258,49.268,8.951,10.317,10.795,-0.649,-0.142,-58.129
0.258,49.278,8.960,10.320,10.807,-0.649,-0.142,-58.119
0.259,49.294,8.970,10.325,10.820,-0.649,-0.142,-58.103
0.260,49.316,8.980,10.331,10.833,-0.648,-0.142,-58.081
0.261,49.346,8.990,10.340,10.846,-0.648,-0.142,-58.051
0.261,49.384,8.999,10.350,10.858,-0.647,-0.142,-58.013
0.262,49.430,9.008,10.363,10.869,-0.646,-0.142,-57.967
0.263,49.484,9.015,10.379,10.880,-0.645,-0.142,-57.913
0.263,49.544,9.022,10.396,10.888,-0.644,-0.141,-57.853
0.264,49.610,9.027,10.416,10.895,-0.642,-0.141,-57.787
0.265,49.680,9.032,10.437,10.900,-0.641,-0.141,-57.717
0.266,49.753,9.036,10.460,10.905,-0.639,-0.141,-57.644
0.266,49.827,9.038,10.483,10.908,-0.638,-0.140,-57.570
0.267,49.903,9.041,10.506,10.911,-0.636,-0.140,-57.494
0.268,49.978,9.043,10.529,10.912,-0.635,-0.140,-57.419
0.268,50.051,9.044,10.552,10.914,-0.633,-0.139,-57.346
0.269,50.122,9.045,10.573,10.915,-0.632,-0.139,-57.275
0.270,50.189,9.046,10.593,10.915,-0.631,-0.139,-57.208
0.271,50.251,9.048,10.612,10.916,-0.629,-0.138,-57.147
0.271,50.306,9.049,10.627,10.917,-0.628,-0.138,-57.091
0.272,50.354,9.050,10.641,10.918,-0.627,-0.138,-57.043
0.273,50.394,9.052,10.650,10.920,-0.626,-0.138,-57.003
0.273,50.424,9.055,10.657,10.922,-0.626,-0.137,-56.973
0.274,50.446,9.058,10.660,10.925,-0.625,-0.137,-56.951
0.275,50.459,9.061,10.660,10.928,-0.625,-0.137,-56.938
0.276,50.466,9.064,10.659,10.932,-0.625,-0.137,-56.931
0.276,50.467,9.067,10.656,10.935,-0.625,-0.137,-56.930
0.277,50.471,9.069,10.651,10.938,-0.625,-0.137,-56.933
0.278,50.478,9.071,10.647,10.940,-0.625,-0.137,-56.940
0.278,50.488,9.073,10.642,10.942,-0.625,-0.137,-56.950
0.279,50.499,9.073,10.638,10.942,-0.626,-0.137,-56.962
0.280,50.511,9.073,10.635,10.942,-0.626,-0.138,-56.974
0.281,50.523,9.071,10.634,10.940,-0.626,-0.138,-56.985
0.281,50.533,9.068,10.635,10.937,-0.626,-0.138,-56.995
0.282,50.541,9.064,10.639,10.932,-0.626,-0.138,-57.003
0.283,50.544,9.057,10.646,10.925,-0.626,-0.138,-57.007
0.283,50.545,9.049,10.657,10.916,-0.626,-0.138,-57.006
0.284,50.551,9.039,10.671,10.906,-0.626,-0.138,-57.000
0.285,50.564,9.029,10.688,10.894,-0.626,-0.138,-56.987
0.286,50.582,9.017,10.705,10.881,-0.626,-0.138,-56.970
0.286,50.603,9.006,10.723,10.868,-0.625,-0.138,-56.948
0.287,50.627,8.995,10.740,10.856,-0.625,-0.137,-56.925
0.288,50.651,8.985,10.755,10.844,-0.624,-0.137,-56.900
0.288,50.675,8.976,10.767,10.834,-0.624,-0.137,-56.876
0.289,50.696,8.969,10.775,10.826,-0.623,-0.137,-56.855
0.290,50.714,8.965,10.777,10.821,-0.623,-0.137,-56.837
0.291,50.727,8.963,10.774,10.818,-0.623,-0.137,-56.824
0.291,50.733,8.965,10.764,10.820,-0.622,-0.137,-56.818
0.292,50.735,8.971,10.746,10.825,-0.622,-0.137,-56.820
0.293,50.747,8.982,10.719,10.835,-0.623,-0.137,-56.832
0.293,50.769,8.997,10.681,10.851,-0.623,-0.137,-56.855
0.294,50.805,9.016,10.635,10.871,-0.624,-0.137,-56.890
0.295,50.854,9.039,10.583,10.894,-0.625,-0.138,-56.939
0.296,50.919,9.064,10.527,10.920,-0.626,-0.138,-57.004
0.296,50.999,9.089,10.470,10.946,-0.628,-0.138,-57.085
0.297,51.092,9.113,10.416,10.972,-0.630,-0.139,-57.177
0.298,51.191,9.136,10.366,10.996,-0.632,-0.139,-57.276
0.298,51.292,9.156,10.324,11.018,-0.634,-0.140,-57.377
0.299,51.389,9.172,10.292,11.035,-0.636,-0.140,-57.475
0.300,51.479,9.182,10.273,11.046,-0.637,-0.140,-57.565
0.300,51.557,9.185,10.270,11.051,-0.639,-0.141,-57.642
0.301,51.616,9.180,10.285,11.047,-0.640,-0.141,-57.701
0.302,51.653,9.166,10.321,11.034,-0.641,-0.141,-57.738
0.303,51.663,9.141,10.381,11.010,-0.641,-0.141,-57.748
0.303,51.686,9.105,10.468,10.975,-0.641,-0.141,-57.725
0.304,51.746,9.057,10.580,10.927,-0.640,-0.141,-57.666
0.305,51.848,9.000,10.714,10.869,-0.638,-0.141,-57.564
0.305,51.997,8.933,10.865,10.803,-0.635,-0.140,-57.415
0.306,52.197,8.860,11.029,10.729,-0.630,-0.139,-57.214
0.307,52.455,8.781,11.200,10.649,-0.625,-0.138,-56.956
0.308,52.771,8.698,11.375,10.565,-0.619,-0.137,-56.640
0.308,53.139,8.613,11.549,10.479,-0.612,-0.135,-56.272
0.309,53.552,8.527,11.718,10.391,-0.603,-0.133,-55.860
0.310,54.001,8.442,11.876,10.304,-0.594,-0.131,-55.411
0.310,54.479,8.360,12.020,10.220,-0.584,-0.129,-54.932
0.311,54.979,8.281,12.144,10.138,-0.574,-0.127,-54.433
0.312,55.492,8.208,12.245,10.063,-0.564,-0.125,-53.920
0.313,56.012,8.142,12.318,9.994,-0.554,-0.122,-53.401
0.313,56.529,8.085,12.358,9.933,-0.543,-0.120,-52.883
0.314,57.037,8.037,12.364,9.881,-0.533,-0.118,-52.375
0.315,57.528,7.998,12.340,9.839,-0.523,-0.116,-51.884
0.315,57.994,7.967,12.289,9.804,-0.514,-0.113,-51.418
0.316,58.428,7.944,12.217,9.778,-0.505,-0.111,-50.985
0.317,58.821,7.929,12.126,9.759,-0.497,-0.110,-50.592
0.318,59.167,7.921,12.020,9.747,-0.490,-0.108,-50.246
0.318,59.457,7.918,11.906,9.741,-0.484,-0.107,-49.956
0.319,59.687,7.922,11.785,9.741,-0.479,-0.106,-49.726
0.320,59.863,7.930,11.663,9.747,-0.476,-0.105,-49.550
0.320,59.988,7.944,11.543,9.758,-0.473,-0.104,-49.425
0.321,60.068,7.961,11.429,9.773,-0.472,-0.104,-49.345
0.322,60.108,7.982,11.327,9.792,-0.471,-0.104,-49.305
0.323,60.114,8.006,11.239,9.815,-0.471,-0.104,-49.299
0.323,60.138,8.032,11.170,9.841,-0.471,-0.104,-49.323
0.324,60.187,8.060,11.123,9.869,-0.472,-0.104,-49.372
0.325,60.255,8.090,11.095,9.900,-0.473,-0.104,-49.440
0.325,60.337,8.120,11.085,9.932,-0.475,-0.105,-49.523
0.326,60.429,8.152,11.090,9.965,-0.477,-0.105,-49.614
0.327,60.525,8.183,11.109,9.999,-0.479,-0.105,-49.710
0.328,60.620,8.214,11.139,10.033,-0.481,-0.106,-49.805
0.328,60.709,8.245,11.177,10.066,-0.483,-0.106,-49.894
0.329,60.786,8.275,11.223,10.099,-0.484,-0.106,-49.971
0.330,60.847,8.303,11.272,10.130,-0.485,-0.107,-50.032
0.330,60.890,8.329,11.324,10.159,-0.486,-0.107,-50.075
0.331,60.915,8.353,11.376,10.186,-0.487,-0.107,-50.100
0.332,60.926,8.374,11.426,10.210,-0.487,-0.107,-50.112
0.333,60.927,8.391,11.471,10.230,-0.487,-0.107,-50.111
0.333,60.938,8.405,11.509,10.247,-0.487,-0.107,-50.101
0.334,60.955,8.416,11.540,10.259,-0.486,-0.107,-50.083
0.335,60.978,8.422,11.562,10.267,-0.486,-0.107,-50.060
0.335,61.003,8.426,11.578,10.272,-0.485,-0.107,-50.035
0.336,61.028,8.426,11.588,10.273,-0.485,-0.106,-50.010
0.337,61.050,8.425,11.593,10.272,-0.484,-0.106,-49.988
0.338,61.068,8.421,11.593,10.269,-0.484,-0.106,-49.970
0.338,61.079,8.416,11.591,10.263,-0.484,-0.106,-49.959
0.339,61.081,8.409,11.587,10.257,-0.484,-0.106,-49.957
0.340,61.091,8.402,11.582,10.249,-0.484,-0.106,-49.968
0.340,61.116,8.395,11.577,10.241,-0.485,-0.106,-49.992
0.341,61.157,8.387,11.573,10.232,-0.485,-0.107,-50.033
0.342,61.214,8.381,11.570,10.225,-0.487,-0.107,-50.091
0.343,61.284,8.375,11.571,10.217,-0.488,-0.107,-50.160
0.343,61.360,8.370,11.575,10.211,-0.490,-0.108,-50.237
0.344,61.440,8.367,11.584,10.207,-0.491,-0.108,-50.316
0.345,61.519,8.365,11.596,10.204,-0.493,-0.108,-50.395
0.345,61.591,8.364,11.610,10.201,-0.494,-0.109,-50.468
0.346,61.654,8.362,11.623,10.197,-0.495,-0.109,-50.530
0.347,61.702,8.359,11.634,10.192,-0.496,-0.109,-50.578
0.348,61.730,8.354,11.640,10.185,-0.497,-0.109,-50.607
0.348,61.736,8.346,11.640,10.175,-0.497,-0.109,-50.612
0.349,61.758,8.335,11.631,10.162,-0.497,-0.109,-50.589
0.350,61.813,8.319,11.613,10.144,-0.496,-0.109,-50.534
0.350,61.905,8.297,11.582,10.121,-0.494,-0.108,-50.443
0.351,62.038,8.270,11.537,10.092,-0.491,-0.108,-50.310
0.352,62.217,8.236,11.477,10.057,-0.487,-0.107,-50.131
0.353,62.445,8.195,11.398,10.014,-0.483,-0.106,-49.903
0.353,62.723,8.145,11.300,9.962,-0.477,-0.105,-49.625
0.354,63.044,8.086,11.180,9.902,-0.471,-0.103,-49.304
0.355,63.402,8.018,11.040,9.833,-0.463,-0.102,-48.946
0.355,63.791,7.944,10.883,9.758,-0.455,-0.100,-48.557
0.356,64.205,7.863,10.712,9.676,-0.447,-0.098,-48.143
0.357,64.637,7.779,10.531,9.591,-0.438,-0.096,-47.712
0.358,65.080,7.691,10.342,9.502,-0.429,-0.094,-47.268
0.358,65.530,7.601,10.149,9.412,-0.420,-0.092,-46.818
0.359,65.979,7.512,9.956,9.321,-0.411,-0.090,-46.369
0.360,66.422,7.423,9.764,9.232,-0.402,-0.088,-45.926
0.360,66.852,7.336,9.577,9.145,-0.394,-0.086,-45.497
0.361,67.263,7.253,9.399,9.062,-0.385,-0.084,-45.086
0.362,67.648,7.176,9.233,8.984,-0.377,-0.082,-44.701
0.363,68.002,7.104,9.082,8.912,-0.370,-0.081,-44.347
0.363,68.317,7.041,8.949,8.848,-0.364,-0.079,-44.032
0.364,68.589,6.986,8.836,8.793,-0.358,-0.078,-43.760
0.365,68.816,6.941,8.746,8.748,-0.354,-0.077,-43.533
0.365,68.999,6.905,8.676,8.711,-0.350,-0.076,-43.350
0.366,69.141,6.877,8.624,8.683,-0.347,-0.075,-43.208
0.367,69.245,6.856,8.590,8.662,-0.345,-0.075,-43.105
0.368,69.312,6.841,8.570,8.647,-0.344,-0.075,-43.037
0.368,69.345,6.833,8.565,8.638,-0.343,-0.074,-43.004
0.369,69.347,6.830,8.572,8.635,-0.343,-0.074,-43.002
0.370,69.375,6.832,8.590,8.637,-0.344,-0.075,-43.029
0.370,69.429,6.837,8.617,8.642,-0.345,-0.075,-43.083
0.371,69.507,6.846,8.652,8.651,-0.346,-0.075,-43.161
0.372,69.607,6.858,8.692,8.663,-0.348,-0.076,-43.262
0.373,69.728,6.871,8.737,8.676,-0.351,-0.076,-43.382
0.373,69.865,6.886,8.785,8.691,-0.353,-0.077,-43.520
0.374,70.018,6.901,8.834,8.706,-0.357,-0.077,-43.672
0.375,70.183,6.916,8.883,8.722,-0.360,-0.078,-43.838
0.375,70.359,6.931,8.931,8.737,-0.363,-0.079,-44.013
0.376,70.540,6.946,8.978,8.752,-0.367,-0.080,-44.194
0.377,70.721,6.959,9.023,8.765,-0.371,-0.081,-44.375
0.378,70.896,6.971,9.065,8.777,-0.374,-0.081,-44.550
0.378,71.059,6.981,9.105,8.787,-0.378,-0.082,-44.713
0.379,71.203,6.989,9.140,8.795,-0.381,-0.083,-44.858
0.380,71.325,6.994,9.171,8.801,-0.383,-0.083,-44.979
0.380,71.416,6.996,9.197,8.804,-0.385,-0.084,-45.070
0.381,71.472,6.995,9.217,8.803,-0.386,-0.084,-45.126
0.382,71.486,6.991,9.231,8.799,-0.386,-0.084,-45.140
0.383,71.519,6.982,9.238,8.790,-0.386,-0.084,-45.107
0.383,71.606,6.969,9.237,8.777,-0.384,-0.083,-45.021
0.384,71.752,6.952,9.228,8.760,-0.381,-0.083,-44.875
0.385,71.962,6.930,9.211,8.738,-0.377,-0.082,-44.664
0.385,72.244,6.905,9.188,8.713,-0.371,-0.081,-44.382
0.386,72.603,6.878,9.161,8.686,-0.364,-0.079,-44.023
0.387,73.044,6.851,9.133,8.659,-0.355,-0.077,-43.583
0.388,73.562,6.826,9.105,8.634,-0.345,-0.075,-43.065
0.388,74.146,6.805,9.080,8.612,-0.333,-0.072,-42.481
0.389,74.785,6.788,9.061,8.595,-0.320,-0.069,-41.842
0.390,75.470,6.778,9.049,8.584,-0.306,-0.066,-41.158
0.390,76.188,6.775,9.046,8.581,-0.292,-0.063,-40.439
0.391,76.930,6.782,9.056,8.588,-0.277,-0.060,-39.698
0.392,77.684,6.800,9.080,8.606,-0.261,-0.057,-38.944
0.393,78.440,6.831,9.120,8.636,-0.246,-0.053,-38.188
0.393,79.186,6.876,9.178,8.681,-0.231,-0.050,-37.442
0.394,79.913,6.937,9.258,8.741,-0.217,-0.047,-36.715
0.395,80.610,7.014,9.359,8.818,-0.202,-0.044,-36.018
0.395,81.265,7.106,9.479,8.910,-0.189,-0.041,-35.363
0.396,81.868,7.210,9.615,9.013,-0.177,-0.038,-34.760
0.397,82.409,7.323,9.762,9.126,-0.166,-0.036,-34.220
0.398,82.876,7.444,9.917,9.246,-0.157,-0.034,-33.753
0.398,83.260,7.569,10.076,9.370,-0.149,-0.032,-33.369
0.399,83.562,7.695,10.237,9.497,-0.143,-0.031,-33.067
0.400,83.790,7.821,10.394,9.623,-0.138,-0.030,-32.839
0.400,83.950,7.945,10.545,9.745,-0.135,-0.029,-32.680
0.401,84.048,8.062,10.685,9.863,-0.133,-0.029,-32.581
0.402,84.091,8.171,10.812,9.972,-0.132,-0.029,-32.538
0.403,84.096,8.270,10.921,10.070,-0.133,-0.029,-32.542
0.403,84.142,8.356,11.009,10.156,-0.134,-0.029,-32.588
0.404,84.222,8.425,11.072,10.225,-0.135,-0.029,-32.669
0.405,84.331,8.478,11.108,10.278,-0.137,-0.030,-32.777
0.405,84.461,8.514,11.118,10.313,-0.140,-0.031,-32.907
0.406,84.606,8.535,11.107,10.334,-0.143,-0.031,-33.052
0.407,84.759,8.543,11.077,10.343,-0.146,-0.032,-33.205
0.408,84.913,8.540,11.032,10.340,-0.149,-0.033,-33.359
0.408,85.062,8.528,10.975,10.328,-0.152,-0.033,-33.508
0.409,85.199,8.508,10.910,10.309,-0.155,-0.034,-33.645
0.410,85.319,8.483,10.840,10.284,-0.157,-0.034,-33.765
0.410,85.419,8.454,10.769,10.256,-0.159,-0.035,-33.865
0.411,85.501,8.424,10.701,10.226,-0.161,-0.035,-33.947
0.412,85.566,8.394,10.637,10.196,-0.162,-0.036,-34.012
0.413,85.614,8.365,10.583,10.169,-0.163,-0.036,-34.059
0.413,85.645,8.341,10.542,10.145,-0.164,-0.036,-34.091
0.414,85.661,8.321,10.516,10.126,-0.164,-0.036,-34.107
0.415,85.662,8.310,10.509,10.115,-0.164,-0.036,-34.108
0.415,85.675,8.305,10.520,10.111,-0.164,-0.036,-34.095
0.416,85.702,8.306,10.547,10.114,-0.163,-0.036,-34.069
0.417,85.741,8.313,10.586,10.122,-0.162,-0.036,-34.030
0.418,85.792,8.325,10.636,10.134,-0.161,-0.036,-33.979
0.418,85.854,8.340,10.694,10.150,-0.160,-0.035,-33.916
0.419,85.928,8.357,10.757,10.168,-0.159,-0.035,-33.843
0.420,86.011,8.377,10.822,10.188,-0.157,-0.035,-33.760
0.420,86.103,8.397,10.887,10.208,-0.155,-0.034,-33.668
0.421,86.204,8.417,10.950,10.229,-0.153,-0.034,-33.566
0.422,86.313,8.437,11.008,10.248,-0.151,-0.033,-33.458
0.423,86.427,8.455,11.058,10.265,-0.148,-0.033,-33.343
0.423,86.547,8.470,11.097,10.279,-0.146,-0.032,-33.224
0.424,86.670,8.481,11.124,10.289,-0.144,-0.032,-33.101
0.425,86.795,8.488,11.136,10.295,-0.141,-0.031,-32.976
0.425,86.921,8.491,11.132,10.295,-0.138,-0.031,-32.850
0.426,87.047,8.490,11.115,10.292,-0.136,-0.030,-32.724
0.427,87.171,8.485,11.086,10.285,-0.133,-0.030,-32.600
0.428,87.293,8.478,11.048,10.274,-0.131,-0.029,-32.478
0.428,87.410,8.468,11.002,10.261,-0.129,-0.029,-32.361
0.429,87.522,8.456,10.950,10.247,-0.126,-0.028,-32.249
0.430,87.627,8.443,10.894,10.230,-0.124,-0.028,-32.144
0.430,87.724,8.428,10.835,10.213,-0.122,-0.027,-32.047
0.431,87.812,8.414,10.776,10.196,-0.120,-0.027,-31.959
0.432,87.889,8.399,10.719,10.179,-0.119,-0.027,-31.882
0.433,87.955,8.385,10.664,10.163,-0.118,-0.026,-31.816
0.433,88.009,8.372,10.615,10.149,-0.116,-0.026,-31.762
0.434,88.053,8.360,10.573,10.137,-0.116,-0.026,-31.718
0.435,88.087,8.351,10.539,10.127,-0.115,-0.026,-31.685
0.435,88.110,8.344,10.515,10.120,-0.114,-0.026,-31.661
0.436,88.125,8.339,10.499,10.116,-0.114,-0.025,-31.646
0.437,88.131,8.335,10.492,10.114,-0.114,-0.025,-31.640
0.438,88.133,8.334,10.491,10.114,-0.114,-0.025,-31.642
0.438,88.143,8.334,10.497,10.116,-0.114,-0.025,-31.652
0.439,88.160,8.335,10.508,10.120,-0.115,-0.026,-31.669
0.440,88.183,8.337,10.524,10.124,-0.115,-0.026,-31.692
0.440,88.212,8.340,10.544,10.130,-0.116,-0.026,-31.721
0.441,88.247,8.344,10.567,10.136,-0.116,-0.026,-31.756
0.442,88.286,8.349,10.592,10.143,-0.117,-0.026,-31.796
0.443,88.330,8.353,10.620,10.149,-0.118,-0.026,-31.840
0.443,88.378,8.358,10.648,10.156,-0.119,-0.026,-31.888
0.444,88.429,8.363,10.676,10.162,-0.120,-0.027,-31.938
0.445,88.482,8.368,10.704,10.168,-0.121,-0.027,-31.991
0.445,88.533,8.372,10.731,10.173,-0.122,-0.027,-32.043
0.446,88.583,8.376,10.755,10.177,-0.123,-0.027,-32.092
0.447,88.629,8.380,10.777,10.180,-0.124,-0.028,-32.138
0.448,88.669,8.382,10.795,10.182,-0.125,-0.028,-32.178
0.448,88.701,8.384,10.809,10.183,-0.126,-0.028,-32.210
0.449,88.724,8.386,10.819,10.183,-0.126,-0.028,-32.233
0.450,88.735,8.386,10.823,10.183,-0.126,-0.028,-32.244
0.450,88.737,8.386,10.820,10.181,-0.126,-0.028,-32.243
0.451,88.753,8.384,10.811,10.178,-0.126,-0.028,-32.226
0.452,88.786,8.382,10.794,10.173,-0.125,-0.028,-32.193
0.453,88.838,8.378,10.769,10.168,-0.124,-0.028,-32.142
0.453,88.910,8.374,10.735,10.161,-0.123,-0.027,-32.070
0.454,89.004,8.368,10.691,10.153,-0.121,-0.027,-31.976
0.455,89.122,8.360,10.637,10.144,-0.119,-0.026,-31.858
0.455,89.264,8.351,10.572,10.133,-0.116,-0.026,-31.716
0.456,89.428,8.341,10.498,10.122,-0.113,-0.025,-31.552
0.457,89.610,8.330,10.417,10.109,-0.109,-0.024,-31.370
0.458,89.807,8.319,10.329,10.096,-0.105,-0.023,-31.172
0.458,90.016,8.306,10.237,10.082,-0.101,-0.022,-30.963
0.459,90.235,8.293,10.142,10.068,-0.096,-0.021,-30.745
0.460,90.458,8.280,10.046,10.053,-0.092,-0.020,-30.522
0.460,90.684,8.266,9.949,10.039,-0.087,-0.019,-30.296
0.461,90.909,8.252,9.855,10.024,-0.083,-0.018,-30.071
0.462,91.130,8.239,9.763,10.010,-0.078,-0.017,-29.850
0.463,91.343,8.226,9.676,9.996,-0.074,-0.017,-29.637
0.463,91.546,8.214,9.596,9.983,-0.070,-0.016,-29.434
0.464,91.735,8.202,9.523,9.971,-0.066,-0.015,-29.245
0.465,91.907,8.191,9.460,9.960,-0.062,-0.014,-29.073
0.465,92.059,8.182,9.407,9.950,-0.059,-0.013,-28.921
0.466,92.188,8.173,9.364,9.941,-0.057,-0.013,-28.792
0.467,92.291,8.165,9.331,9.933,-0.055,-0.012,-28.689
0.468,92.372,8.158,9.305,9.926,-0.053,-0.012,-28.608
0.468,92.431,8.153,9.288,9.920,-0.052,-0.012,-28.549
0.469,92.470,8.148,9.277,9.915,-0.051,-0.011,-28.510
0.470,92.492,8.144,9.272,9.911,-0.051,-0.011,-28.488
0.470,92.499,8.141,9.272,9.908,-0.051,-0.011,-28.481
0.471,92.506,8.138,9.276,9.906,-0.051,-0.011,-28.488
0.472,92.524,8.137,9.284,9.905,-0.051,-0.011,-28.506
0.473,92.552,8.136,9.295,9.904,-0.052,-0.012,-28.534
0.473,92.588,8.136,9.307,9.904,-0.053,-0.012,-28.570
0.474,92.629,8.137,9.321,9.905,-0.053,-0.012,-28.612
0.475,92.675,8.138,9.335,9.907,-0.054,-0.012,-28.657
0.475,92.721,8.140,9.348,9.909,-0.055,-0.012,-28.703
0.476,92.768,8.143,9.361,9.911,-0.056,-0.012,-28.750
0.477,92.813,8.146,9.372,9.914,-0.057,-0.013,-28.795
0.478,92.853,8.149,9.383,9.918,-0.058,-0.013,-28.835
0.478,92.888,8.153,9.393,9.921,-0.059,-0.013,-28.870
0.479,92.918,8.156,9.402,9.925,-0.059,-0.013,-28.900
0.480,92.943,8.160,9.410,9.928,-0.060,-0.013,-28.925
0.480,92.962,8.163,9.416,9.932,-0.060,-0.013,-28.944
0.481,92.976,8.166,9.421,9.935,-0.060,-0.013,-28.958
0.482,92.986,8.169,9.425,9.937,-0.061,-0.013,-28.968
0.483,92.990,8.171,9.427,9.940,-0.061,-0.013,-28.972
0.483,92.991,8.173,9.428,9.941,-0.061,-0.013,-28.972
0.484,92.996,8.174,9.426,9.942,-0.061,-0.013,-28.967
0.485,93.005,8.174,9.424,9.943,-0.060,-0.013,-28.957
0.485,93.020,8.173,9.419,9.942,-0.060,-0.013,-28.943
0.486,93.039,8.172,9.412,9.941,-0.060,-0.013,-28.924
0.487,93.062,8.169,9.404,9.938,-0.059,-0.013,-28.900
0.488,93.090,8.166,9.395,9.935,-0.059,-0.013,-28.873
0.488,93.122,8.162,9.384,9.932,-0.058,-0.013,-28.841
0.489,93.158,8.158,9.373,9.928,-0.057,-0.012,-28.804
0.490,93.198,8.153,9.361,9.924,-0.056,-0.012,-28.764
0.490,93.242,8.148,9.348,9.920,-0.056,-0.012,-28.721
0.491,93.288,8.143,9.335,9.916,-0.055,-0.012,-28.675
0.492,93.336,8.137,9.322,9.911,-0.054,-0.012,-28.627
0.493,93.385,8.132,9.308,9.907,-0.053,-0.011,-28.577
0.493,93.435,8.127,9.295,9.904,-0.052,-0.011,-28.527
0.494,93.486,8.121,9.283,9.900,-0.051,-0.011,-28.477
0.495,93.536,8.117,9.271,9.897,-0.050,-0.011,-28.427
0.495,93.585,8.112,9.260,9.895,-0.049,-0.011,-28.378
0.496,93.632,8.108,9.249,9.893,-0.048,-0.010,-28.331
0.497,93.677,8.104,9.240,9.892,-0.047,-0.010,-28.286
0.498,93.719,8.101,9.231,9.891,-0.046,-0.010,-28.244
0.498,93.757,8.098,9.224,9.891,-0.045,-0.010,-28.206
0.499,93.791,8.095,9.216,9.891,-0.044,-0.010,-28.172
0.500,93.820,8.092,9.210,9.892,-0.044,-0.010,-28.142
0.500,93.844,8.090,9.205,9.893,-0.043,-0.009,-28.118
0.501,93.863,8.089,9.200,9.894,-0.043,-0.009,-28.100
0.502,93.876,8.087,9.196,9.896,-0.043,-0.009,-28.086
0.502,93.885,8.086,9.192,9.897,-0.043,-0.009,-28.078
0.503,93.890,8.085,9.189,9.899,-0.042,-0.009,-28.072
0.504,93.892,8.084,9.186,9.901,-0.042,-0.009,-28.071
0.505,93.893,8.084,9.184,9.903,-0.042,-0.009,-28.072
0.505,93.897,8.084,9.183,9.905,-0.042,-0.009,-28.076
0.506,93.902,8.084,9.182,9.907,-0.043,-0.009,-28.081
0.507,93.909,8.084,9.181,9.909,-0.043,-0.009,-28.088
0.507,93.917,8.084,9.181,9.911,-0.043,-0.009,-28.096
0.508,93.925,8.085,9.181,9.913,-0.043,-0.009,-28.104
0.509,93.932,8.085,9.181,9.914,-0.043,-0.009,-28.111
0.510,93.939,8.086,9.182,9.915,-0.043,-0.009,-28.118
0.510,93.945,8.087,9.183,9.916,-0.043,-0.009,-28.124
0.511,93.949,8.088,9.184,9.917,-0.043,-0.009,-28.128
0.512,93.950,8.089,9.185,9.917,-0.043,-0.009,-28.129
0.512,93.951,8.089,9.187,9.917,-0.043,-0.009,-28.129
0.513,93.954,8.090,9.188,9.917,-0.043,-0.009,-28.126
0.514,93.958,8.091,9.190,9.916,-0.043,-0.009,-28.122
0.515,93.962,8.092,9.192,9.915,-0.043,-0.009,-28.117
0.515,93.968,8.093,9.193,9.913,-0.043,-0.009,-28.112
0.516,93.974,8.094,9.195,9.910,-0.043,-0.009,-28.106
0.517,93.979,8.094,9.196,9.908,-0.043,-0.009,-28.101
0.517,93.983,8.095,9.198,9.905,-0.043,-0.009,-28.097
0.518,93.987,8.095,9.199,9.902,-0.042,-0.009,-28.093
0.519,93.989,8.096,9.201,9.898,-0.042,-0.009,-28.091
0.520,93.989,8.096,9.202,9.895,-0.042,-0.009,-28.091
0.520,93.991,8.097,9.204,9.892,-0.042,-0.009,-28.094
0.521,93.997,8.097,9.205,9.889,-0.043,-0.009,-28.099
0.522,94.006,8.098,9.207,9.886,-0.043,-0.009,-28.108
0.522,94.018,8.098,9.208,9.884,-0.043,-0.010,-28.121
0.523,94.035,8.098,9.210,9.882,-0.043,-0.010,-28.137
0.524,94.055,8.099,9.211,9.881,-0.044,-0.010,-28.157
0.525,94.077,8.099,9.213,9.881,-0.044,-0.010,-28.180
0.525,94.101,8.100,9.214,9.881,-0.045,-0.010,-28.203
0.526,94.124,8.100,9.215,9.883,-0.045,-0.010,-28.227
0.527,94.147,8.101,9.217,9.885,-0.046,-0.010,-28.249
0.527,94.166,8.101,9.218,9.887,-0.046,-0.010,-28.269
0.528,94.183,8.101,9.218,9.890,-0.046,-0.010,-28.285
0.529,94.194,8.101,9.218,9.893,-0.046,-0.010,-28.297
0.530,94.200,8.100,9.217,9.896,-0.047,-0.010,-28.302
0.530,94.201,8.099,9.215,9.898,-0.047,-0.010,-28.300
0.531,94.211,8.097,9.212,9.900,-0.046,-0.010,-28.290
0.532,94.231,8.094,9.208,9.901,-0.046,-0.010,-28.271
0.532,94.262,8.091,9.202,9.901,-0.045,-0.010,-28.240
0.533,94.304,8.086,9.195,9.900,-0.044,-0.010,-28.198
0.534,94.359,8.081,9.187,9.897,-0.043,-0.010,-28.142
0.535,94.429,8.074,9.176,9.893,-0.042,-0.009,-28.073
0.535,94.512,8.066,9.164,9.887,-0.040,-0.009,-27.990
0.536,94.607,8.057,9.150,9.878,-0.038,-0.009,-27.895
0.537,94.711,8.046,9.133,9.868,-0.036,-0.008,-27.790
0.537,94.824,8.035,9.116,9.857,-0.034,-0.008,-27.677
0.538,94.944,8.022,9.097,9.843,-0.032,-0.007,-27.558
0.539,95.069,8.009,9.077,9.828,-0.029,-0.007,-27.433
0.540,95.197,7.994,9.057,9.812,-0.026,-0.006,-27.305
0.540,95.326,7.979,9.037,9.794,-0.024,-0.005,-27.176
0.541,95.455,7.964,9.016,9.775,-0.021,-0.005,-27.046
0.542,95.583,7.947,8.997,9.755,-0.019,-0.004,-26.919
0.542,95.707,7.931,8.978,9.735,-0.016,-0.004,-26.795
0.543,95.826,7.914,8.960,9.713,-0.014,-0.003,-26.676
0.544,95.938,7.897,8.944,9.691,-0.012,-0.003,-26.564
0.545,96.042,7.880,8.929,9.669,-0.009,-0.002,-26.460
0.545,96.136,7.863,8.917,9.646,-0.008,-0.002,-26.366
0.546,96.217,7.847,8.906,9.623,-0.006,-0.001,-26.285
0.547,96.287,7.830,8.899,9.600,-0.004,-0.001,-26.215
0.547,96.345,7.815,8.893,9.578,-0.003,-0.001,-26.157
0.548,96.392,7.800,8.889,9.557,-0.002,-0.001,-26.110
0.549,96.427,7.787,8.887,9.538,-0.002,0.000,-26.075
0.550,96.452,7.776,8.886,9.521,-0.001,0.000,-26.050
0.550,96.466,7.767,8.886,9.506,-0.001,0.000,-26.036
0.551,96.470,7.760,8.888,9.495,-0.001,0.000,-26.032
0.552,96.476,7.756,8.890,9.487,-0.001,0.000,-26.039
0.552,96.492,7.756,8.893,9.483,-0.001,0.000,-26.055
0.553,96.518,7.758,8.896,9.484,-0.002,0.000,-26.080
0.554,96.553,7.764,8.899,9.490,-0.003,0.000,-26.115
0.555,96.597,7.775,8.902,9.501,-0.003,-0.001,-26.159
0.555,96.650,7.790,8.905,9.518,-0.005,-0.001,-26.212
0.556,96.711,7.809,8.907,9.541,-0.006,-0.001,-26.273
0.557,96.780,7.832,8.909,9.570,-0.007,-0.001,-26.342
0.557,96.857,7.858,8.911,9.603,-0.009,-0.002,-26.419
0.558,96.938,7.885,8.913,9.638,-0.010,-0.002,-26.501
0.559,97.022,7.912,8.914,9.673,-0.012,-0.002,-26.584
0.560,97.104,7.937,8.916,9.708,-0.014,-0.003,-26.666
0.560,97.181,7.959,8.918,9.739,-0.015,-0.003,-26.743
0.561,97.250,7.977,8.921,9.766,-0.017,-0.003,-26.812
0.562,97.308,7.989,8.924,9.786,-0.018,-0.004,-26.870
0.562,97.352,7.994,8.929,9.799,-0.019,-0.004,-26.914
0.563,97.378,7.991,8.934,9.802,-0.019,-0.004,-26.940
0.564,97.383,7.978,8.941,9.793,-0.020,-0.004,-26.945
0.565,97.402,7.953,8.949,9.772,-0.019,-0.004,-26.925
0.565,97.449,7.916,8.958,9.736,-0.018,-0.004,-26.879
0.566,97.526,7.864,8.969,9.684,-0.017,-0.003,-26.802
0.567,97.637,7.799,8.982,9.616,-0.015,-0.003,-26.690
0.567,97.785,7.722,8.997,9.534,-0.012,-0.002,-26.542
0.568,97.974,7.634,9.012,9.440,-0.008,-0.001,-26.354
0.569,98.205,7.537,9.028,9.335,-0.003,0.000,-26.123
0.570,98.474,7.433,9.045,9.221,0.002,0.001,-25.853
0.570,98.776,7.323,9.062,9.101,0.008,0.002,-25.551
0.571,99.106,7.209,9.078,8.977,0.015,0.004,-25.221
0.572,99.458,7.092,9.095,8.849,0.022,0.005,-24.869
0.572,99.827,6.975,9.111,8.721,0.030,0.007,-24.500
0.573,100.208,6.858,9.126,8.593,0.037,0.008,-24.120
0.574,100.594,6.743,9.139,8.469,0.045,0.010,-23.734
0.575,100.981,6.633,9.152,8.349,0.053,0.012,-23.347
0.575,101.363,6.528,9.162,8.236,0.061,0.014,-22.965
0.576,101.735,6.430,9.170,8.131,0.068,0.015,-22.593
0.577,102.092,6.340,9.176,8.037,0.076,0.017,-22.237
0.577,102.427,6.258,9.181,7.951,0.082,0.018,-21.901
0.578,102.736,6.185,9.183,7.875,0.089,0.020,-21.592
0.579,103.014,6.120,9.183,7.809,0.094,0.021,-21.315
0.580,103.254,6.063,9.182,7.751,0.099,0.022,-21.075
0.580,103.453,6.014,9.180,7.703,0.103,0.023,-20.875
0.581,103.613,5.973,9.177,7.663,0.107,0.024,-20.715
0.582,103.737,5.940,9.172,7.632,0.109,0.024,-20.592
0.582,103.826,5.915,9.167,7.610,0.111,0.024,-20.503
0.583,103.884,5.899,9.161,7.595,0.112,0.025,-20.445
0.584,103.913,5.890,9.154,7.589,0.113,0.025,-20.416
0.585,103.917,5.890,9.147,7.591,0.113,0.025,-20.412
0.585,103.936,5.897,9.140,7.601,0.112,0.025,-20.432
0.586,103.977,5.912,9.133,7.618,0.112,0.025,-20.472
0.587,104.035,5.935,9.126,7.643,0.110,0.024,-20.530
0.587,104.108,5.965,9.120,7.674,0.109,0.024,-20.603
0.588,104.193,5.999,9.113,7.709,0.107,0.024,-20.689
0.589,104.289,6.037,9.107,7.748,0.105,0.023,-20.784
0.590,104.391,6.077,9.102,7.788,0.103,0.023,-20.886
0.590,104.498,6.119,9.097,7.830,0.101,0.022,-20.993
0.591,104.606,6.160,9.093,7.871,0.099,0.022,-21.101
0.592,104.713,6.199,9.090,7.910,0.097,0.021,-21.209
0.592,104.817,6.236,9.088,7.946,0.095,0.021,-21.312
0.593,104.915,6.268,9.087,7.977,0.093,0.020,-21.410
0.594,105.005,6.295,9.087,8.003,0.091,0.020,-21.500
0.595,105.084,6.315,9.088,8.021,0.089,0.020,-21.579
0.595,105.149,6.326,9.090,8.032,0.088,0.019,-21.644
0.596,105.199,6.328,9.094,8.032,0.087,0.019,-21.694
0.597,105.231,6.319,9.099,8.022,0.086,0.019,-21.726
0.597,105.243,6.300,9.105,8.001,0.086,0.019,-21.738
0.598,105.254,6.270,9.110,7.969,0.086,0.019,-21.726
0.599,105.291,6.230,9.115,7.927,0.087,0.019,-21.689
0.600,105.356,6.179,9.118,7.875,0.088,0.019,-21.625
0.600,105.450,6.118,9.119,7.813,0.090,0.020,-21.530
0.601,105.578,6.047,9.116,7.742,0.093,0.020,-21.402
0.602,105.741,5.966,9.110,7.661,0.096,0.021,-21.240
0.602,105.941,5.876,9.099,7.570,0.100,0.022,-21.040
0.603,106.179,5.776,9.082,7.471,0.105,0.023,-20.802
0.604,106.450,5.666,9.058,7.363,0.111,0.024,-20.531
0.605,106.750,5.547,9.028,7.246,0.117,0.025,-20.231
0.605,107.074,5.419,8.990,7.121,0.123,0.027,-19.907
0.606,107.416,5.282,8.943,6.987,0.130,0.028,-19.565
0.607,107.771,5.136,8.887,6.846,0.137,0.030,-19.209
0.607,108.136,4.983,8.822,6.699,0.144,0.032,-18.845
0.608,108.505,4.826,8.751,6.547,0.152,0.033,-18.477
0.609,108.872,4.665,8.675,6.393,0.159,0.035,-18.109
0.610,109.233,4.504,8.596,6.238,0.167,0.036,-17.748
0.610,109.584,4.344,8.514,6.085,0.174,0.038,-17.398
0.611,109.918,4.188,8.433,5.936,0.180,0.039,-17.063
0.612,110.232,4.038,8.352,5.792,0.187,0.041,-16.750
0.612,110.520,3.895,8.273,5.655,0.192,0.042,-16.462
0.613,110.777,3.762,8.199,5.527,0.198,0.043,-16.205
0.614,110.999,3.641,8.131,5.411,0.202,0.044,-15.983
0.615,111.182,3.535,8.070,5.308,0.206,0.045,-15.799
0.615,111.330,3.445,8.017,5.220,0.209,0.046,-15.652
0.616,111.444,3.373,7.975,5.150,0.211,0.046,-15.538
0.617,111.526,3.321,7.945,5.098,0.213,0.047,-15.456
0.617,111.579,3.288,7.926,5.064,0.214,0.047,-15.403
0.618,111.605,3.274,7.917,5.046,0.214,0.047,-15.377
0.619,111.607,3.275,7.918,5.044,0.214,0.047,-15.375
0.620,111.627,3.290,7.926,5.054,0.214,0.047,-15.396
0.620,111.668,3.316,7.942,5.076,0.213,0.047,-15.436
0.621,111.727,3.353,7.964,5.107,0.212,0.047,-15.495
0.622,111.800,3.398,7.991,5.146,0.211,0.046,-15.569
0.622,111.887,3.448,8.022,5.192,0.209,0.046,-15.655
0.623,111.985,3.503,8.056,5.242,0.207,0.046,-15.753
0.624,112.091,3.561,8.092,5.294,0.205,0.045,-15.859
0.625,112.203,3.618,8.129,5.348,0.202,0.045,-15.971
0.625,112.319,3.675,8.165,5.401,0.200,0.044,-16.087
0.626,112.437,3.727,8.200,5.451,0.198,0.044,-16.205
0.627,112.552,3.775,8.232,5.498,0.195,0.043,-16.320
0.627,112.662,3.816,8.262,5.539,0.193,0.043,-16.430
0.628,112.764,3.850,8.288,5.575,0.191,0.042,-16.532
0.629,112.854,3.878,8.309,5.606,0.189,0.042,-16.622
0.630,112.929,3.899,8.326,5.630,0.188,0.042,-16.697
0.630,112.986,3.913,8.338,5.648,0.186,0.041,-16.754
0.631,113.022,3.920,8.343,5.658,0.186,0.041,-16.790
0.632,113.033,3.918,8.343,5.662,0.185,0.041,-16.801
0.632,113.049,3.909,8.335,5.658,0.186,0.041,-16.784
0.633,113.097,3.892,8.320,5.646,0.187,0.041,-16.737
0.634,113.178,3.866,8.297,5.626,0.188,0.042,-16.655
0.635,113.297,3.832,8.266,5.597,0.191,0.042,-16.537
0.635,113.457,3.789,8.225,5.559,0.194,0.043,-16.377
0.636,113.660,3.737,8.175,5.512,0.198,0.044,-16.174
0.637,113.911,3.676,8.114,5.455,0.203,0.045,-15.924
0.637,114.206,3.606,8.044,5.388,0.209,0.046,-15.628
0.638,114.542,3.529,7.966,5.315,0.216,0.048,-15.292
0.639,114.912,3.448,7.882,5.236,0.223,0.049,-14.923
0.640,115.308,3.363,7.793,5.153,0.232,0.051,-14.526
0.640,115.727,3.277,7.701,5.069,0.240,0.053,-14.108
0.641,116.160,3.192,7.607,4.985,0.249,0.055,-13.675
0.642,116.602,3.108,7.514,4.902,0.258,0.057,-13.233
0.642,117.047,3.029,7.423,4.824,0.267,0.059,-12.788
0.643,117.489,2.956,7.336,4.751,0.276,0.060,-12.346
0.644,117.920,2.890,7.253,4.685,0.285,0.062,-11.914
0.645,118.337,2.834,7.178,4.629,0.293,0.064,-11.498
0.645,118.731,2.789,7.111,4.584,0.301,0.066,-11.104
0.646,119.097,2.757,7.055,4.553,0.309,0.067,-10.738
0.647,119.429,2.741,7.010,4.536,0.315,0.069,-10.406
0.647,119.720,2.739,6.978,4.534,0.321,0.070,-10.115
0.648,119.966,2.751,6.957,4.546,0.326,0.071,-9.870
0.649,120.163,2.774,6.947,4.569,0.330,0.072,-9.672
0.650,120.317,2.806,6.945,4.601,0.333,0.073,-9.519
0.650,120.429,2.845,6.951,4.640,0.336,0.073,-9.406
0.651,120.505,2.890,6.963,4.684,0.337,0.074,-9.331
0.652,120.547,2.936,6.980,4.731,0.338,0.074,-9.289
0.652,120.559,2.984,7.001,4.778,0.338,0.074,-9.277
0.653,120.574,3.030,7.024,4.824,0.338,0.074,-9.292
0.654,120.612,3.072,7.049,4.867,0.337,0.074,-9.330
0.655,120.670,3.109,7.073,4.903,0.336,0.074,-9.388
0.655,120.744,3.137,7.095,4.932,0.334,0.073,-9.462
0.656,120.831,3.156,7.115,4.951,0.333,0.073,-9.549
0.657,120.927,3.162,7.131,4.957,0.331,0.073,-9.645
0.657,121.029,3.155,7.142,4.951,0.329,0.072,-9.747
0.658,121.133,3.137,7.148,4.933,0.326,0.072,-9.852
0.659,121.237,3.109,7.150,4.905,0.324,0.071,-9.955
0.660,121.335,3.074,7.149,4.870,0.322,0.071,-10.053
0.660,121.427,3.033,7.144,4.829,0.320,0.071,-10.145
0.661,121.511,2.988,7.136,4.785,0.319,0.070,-10.229
0.662,121.585,2.943,7.126,4.740,0.317,0.070,-10.303
0.662,121.650,2.898,7.113,4.695,0.316,0.070,-10.368
0.663,121.702,2.856,7.100,4.653,0.315,0.069,-10.420
0.664,121.742,2.819,7.085,4.616,0.314,0.069,-10.460
0.665,121.767,2.789,7.070,4.585,0.314,0.069,-10.485
0.665,121.778,2.768,7.054,4.564,0.313,0.069,-10.496
0.666,121.784,2.757,7.039,4.553,0.314,0.069,-10.490
0.667,121.808,2.760,7.025,4.556,0.314,0.069,-10.466
0.667,121.851,2.778,7.011,4.572,0.315,0.070,-10.423
0.668,121.914,2.809,6.999,4.603,0.316,0.070,-10.360
0.669,121.998,2.853,6.988,4.645,0.318,0.070,-10.276
0.670,122.105,2.907,6.978,4.699,0.320,0.071,-10.169
0.670,122.236,2.971,6.969,4.762,0.323,0.071,-10.038
0.671,122.391,3.043,6.961,4.832,0.326,0.072,-9.882
0.672,122.570,3.121,6.955,4.910,0.329,0.073,-9.704
0.672,122.768,3.205,6.949,4.993,0.333,0.074,-9.505
0.673,122.983,3.292,6.944,5.080,0.338,0.075,-9.290
0.674,123.211,3.381,6.939,5.169,0.342,0.076,-9.062
0.675,123.450,3.471,6.936,5.260,0.347,0.077,-8.824
0.675,123.694,3.560,6.934,5.350,0.352,0.078,-8.580
0.676,123.942,3.647,6.932,5.439,0.357,0.079,-8.332
0.677,124.190,3.730,6.931,5.525,0.362,0.080,-8.084
0.677,124.435,3.809,6.931,5.606,0.367,0.081,-7.839
0.678,124.673,3.882,6.931,5.683,0.372,0.082,-7.601
0.679,124.902,3.950,6.932,5.756,0.377,0.083,-7.372
0.680,125.117,4.014,6.933,5.823,0.381,0.084,-7.157
0.680,125.316,4.072,6.935,5.886,0.385,0.085,-6.959
0.681,125.494,4.126,6.937,5.945,0.389,0.085,-6.780
0.682,125.650,4.176,6.939,5.999,0.392,0.086,-6.624
0.682,125.780,4.221,6.941,6.048,0.394,0.087,-6.494
0.683,125.884,4.261,6.943,6.093,0.396,0.087,-6.390
0.684,125.965,4.298,6.945,6.134,0.398,0.087,-6.310
0.685,126.023,4.330,6.947,6.169,0.399,0.088,-6.251
0.685,126.062,4.359,6.948,6.200,0.400,0.088,-6.213
0.686,126.082,4.384,6.949,6.227,0.400,0.088,-6.193
0.687,126.085,4.405,6.950,6.249,0.401,0.088,-6.189
0.687,126.096,4.422,6.950,6.267,0.400,0.088,-6.200
0.688,126.120,4.436,6.950,6.280,0.400,0.088,-6.223
0.689,126.154,4.447,6.949,6.289,0.399,0.088,-6.257
0.690,126.197,4.456,6.947,6.295,0.398,0.087,-6.300
0.690,126.247,4.461,6.945,6.298,0.397,0.087,-6.350
0.691,126.302,4.465,6.943,6.297,0.396,0.087,-6.405
0.692,126.360,4.466,6.941,6.295,0.395,0.087,-6.464
0.692,126.420,4.466,6.938,6.291,0.394,0.086,-6.524
0.693,126.480,4.463,6.936,6.285,0.393,0.086,-6.583
0.694,126.537,4.460,6.933,6.278,0.391,0.086,-6.641
0.695,126.591,4.455,6.930,6.270,0.390,0.086,-6.695
0.695,126.641,4.450,6.927,6.262,0.389,0.086,-6.745
0.696,126.686,4.444,6.925,6.254,0.388,0.085,-6.789
0.697,126.724,4.438,6.923,6.246,0.388,0.085,-6.828
0.697,126.756,4.432,6.920,6.239,0.387,0.085,-6.860
0.698,126.780,4.425,6.919,6.233,0.387,0.085,-6.883
0.699,126.795,4.419,6.917,6.228,0.386,0.085,-6.899
0.700,126.801,4.414,6.916,6.224,0.386,0.085,-6.904
0.700,126.806,4.409,6.916,6.221,0.386,0.085,-6.899
0.701,126.822,4.404,6.916,6.219,0.387,0.085,-6.883
0.702,126.851,4.400,6.917,6.218,0.387,0.085,-6.854
0.702,126.893,4.397,6.918,6.219,0.388,0.086,-6.812
0.703,126.949,4.396,6.920,6.221,0.389,0.086,-6.756
0.704,127.020,4.395,6.923,6.224,0.391,0.086,-6.685
0.704,127.107,4.395,6.927,6.228,0.392,0.087,-6.598
0.705,127.210,4.397,6.932,6.233,0.394,0.087,-6.495
0.706,127.329,4.400,6.937,6.240,0.397,0.088,-6.376
0.707,127.460,4.405,6.944,6.248,0.400,0.088,-6.245
0.707,127.602,4.412,6.952,6.258,0.402,0.089,-6.104
0.708,127.752,4.420,6.961,6.268,0.405,0.090,-5.953
0.709,127.909,4.430,6.971,6.280,0.409,0.090,-5.797
0.709,128.069,4.442,6.981,6.293,0.412,0.091,-5.636
0.710,128.233,4.454,6.993,6.307,0.415,0.092,-5.473
0.711,128.396,4.467,7.004,6.321,0.418,0.092,-5.310
0.712,128.557,4.481,7.016,6.336,0.422,0.093,-5.149
0.712,128.714,4.495,7.028,6.350,0.425,0.094,-4.992
0.713,128.864,4.509,7.041,6.365,0.428,0.094,-4.841
0.714,129.006,4.523,7.053,6.379,0.431,0.095,-4.699
0.714,129.138,4.537,7.065,6.393,0.433,0.096,-4.568
0.715,129.256,4.550,7.076,6.407,0.436,0.096,-4.449
0.716,129.360,4.563,7.087,6.419,0.438,0.097,-4.345
0.717,129.448,4.574,7.097,6.431,0.440,0.097,-4.258
0.717,129.519,4.585,7.106,6.441,0.441,0.097,-4.186
0.718,129.576,4.594,7.114,6.451,0.442,0.097,-4.130
0.719,129.618,4.601,7.121,6.458,0.443,0.098,-4.088
0.719,129.647,4.608,7.127,6.465,0.444,0.098,-4.059
0.720,129.664,4.613,7.131,6.470,0.444,0.098,-4.042
0.721,129.669,4.617,7.134,6.475,0.444,0.098,-4.037
0.722,129.674,4.620,7.135,6.478,0.444,0.098,-4.042
0.722,129.689,4.622,7.135,6.480,0.444,0.097,-4.057
0.723,129.712,4.623,7.133,6.481,0.443,0.097,-4.080
0.724,129.743,4.624,7.129,6.482,0.443,0.097,-4.111
0.724,129.781,4.623,7.123,6.481,0.442,0.097,-4.149
0.725,129.825,4.622,7.114,6.480,0.441,0.097,-4.193
0.726,129.874,4.620,7.104,6.478,0.440,0.096,-4.242
0.727,129.927,4.618,7.091,6.475,0.439,0.096,-4.295
0.727,129.982,4.615,7.076,6.471,0.438,0.096,-4.350
0.728,130.040,4.611,7.059,6.467,0.437,0.096,-4.408
0.729,130.099,4.607,7.040,6.463,0.435,0.095,-4.467
0.729,130.155,4.603,7.020,6.458,0.434,0.095,-4.523
0.730,130.209,4.599,7.001,6.453,0.433,0.095,-4.577
0.731,130.257,4.594,6.983,6.448,0.432,0.095,-4.625
0.732,130.299,4.590,6.968,6.443,0.431,0.094,-4.667
0.732,130.332,4.586,6.956,6.439,0.430,0.094,-4.700
0.733,130.355,4.582,6.948,6.434,0.430,0.094,-4.723
0.734,130.366,4.578,6.945,6.431,0.430,0.094,-4.734
0.734,130.369,4.574,6.949,6.427,0.430,0.094,-4.731
0.735,130.388,4.572,6.959,6.425,0.430,0.094,-4.712
0.736,130.424,4.570,6.978,6.424,0.431,0.094,-4.676
0.737,130.480,4.568,7.006,6.423,0.432,0.095,-4.621
0.737,130.556,4.567,7.043,6.424,0.433,0.095,-4.544
0.738,130.655,4.568,7.092,6.426,0.436,0.096,-4.445
0.739,130.779,4.569,7.149,6.429,0.438,0.096,-4.322
0.739,130.928,4.570,7.214,6.433,0.441,0.097,-4.173
0.740,131.098,4.572,7.285,6.437,0.445,0.098,-4.002
0.741,131.288,4.573,7.359,6.441,0.448,0.098,-3.812
0.742,131.494,4.575,7.435,6.444,0.453,0.099,-3.607
0.742,131.712,4.575,7.511,6.447,0.457,0.100,-3.388
0.743,131.940,4.576,7.585,6.448,0.462,0.101,-3.161
0.744,132.173,4.575,7.655,6.448,0.466,0.102,-2.927
0.744,132.410,4.573,7.720,6.446,0.471,0.104,-2.691
0.745,132.646,4.569,7.777,6.441,0.476,0.105,-2.455
0.746,132.878,4.564,7.824,6.434,0.481,0.106,-2.223
0.747,133.103,4.557,7.861,6.424,0.485,0.107,-1.997
0.747,133.319,4.548,7.884,6.410,0.490,0.108,-1.782
0.748,133.521,4.536,7.893,6.393,0.494,0.108,-1.580
0.749,133.706,4.523,7.888,6.372,0.498,0.109,-1.395
0.749,133.872,4.508,7.871,6.349,0.501,0.110,-1.229
0.750,134.014,4.492,7.845,6.324,0.504,0.110,-1.087
0.751,134.132,4.476,7.811,6.299,0.506,0.111,-0.969
0.752,134.226,4.460,7.772,6.273,0.508,0.111,-0.875
0.752,134.298,4.444,7.729,6.248,0.509,0.111,-0.803
0.753,134.350,4.430,7.685,6.225,0.510,0.112,-0.751
0.754,134.384,4.418,7.642,6.204,0.511,0.112,-0.718
0.754,134.400,4.407,7.602,6.186,0.511,0.112,-0.702
0.755,134.400,4.400,7.566,6.172,0.511,0.111,-0.701
0.756,134.414,4.397,7.538,6.163,0.510,0.111,-0.715
0.757,134.440,4.397,7.519,6.160,0.510,0.111,-0.741
0.757,134.477,4.401,7.511,6.162,0.509,0.111,-0.778
0.758,134.523,4.411,7.516,6.172,0.508,0.110,-0.824
0.759,134.577,4.425,7.533,6.189,0.506,0.110,-0.879
0.759,134.638,4.443,7.562,6.210,0.505,0.110,-0.939
0.760,134.702,4.464,7.598,6.236,0.504,0.109,-1.004
0.761,134.770,4.486,7.641,6.264,0.502,0.109,-1.071
0.762,134.840,4.508,7.689,6.294,0.501,0.108,-1.141
0.762,134.909,4.531,7.738,6.323,0.499,0.108,-1.210
0.763,134.976,4.551,7.788,6.352,0.498,0.108,-1.277
0.764,135.039,4.570,7.836,6.378,0.496,0.107,-1.340
0.764,135.098,4.585,7.879,6.400,0.495,0.107,-1.399
0.765,135.149,4.595,7.917,6.416,0.494,0.107,-1.450
0.766,135.191,4.600,7.946,6.427,0.493,0.107,-1.492
0.767,135.223,4.599,7.965,6.429,0.493,0.107,-1.524
0.767,135.243,4.590,7.972,6.422,0.492,0.107,-1.544
0.768,135.248,4.572,7.964,6.405,0.492,0.107,-1.550
0.769,135.258,4.546,7.941,6.377,0.492,0.107,-1.540
0.769,135.285,4.510,7.903,6.337,0.493,0.107,-1.513
0.770,135.332,4.465,7.850,6.287,0.494,0.107,-1.467
0.771,135.398,4.410,7.783,6.226,0.495,0.107,-1.400
0.772,135.488,4.346,7.703,6.154,0.497,0.108,-1.310
0.772,135.601,4.272,7.609,6.072,0.499,0.108,-1.197
0.773,135.741,4.188,7.502,5.979,0.502,0.109,-1.057
0.774,135.906,4.094,7.383,5.876,0.506,0.110,-0.892
0.774,136.096,3.990,7.251,5.762,0.510,0.111,-0.703
0.775,136.308,3.875,7.108,5.639,0.514,0.112,-0.491
0.776,136.540,3.749,6.953,5.505,0.519,0.113,-0.258
0.777,136.791,3.613,6.788,5.361,0.524,0.114,-0.007
0.777,137.059,3.466,6.612,5.207,0.529,0.115,0.260
0.778,137.341,3.308,6.426,5.043,0.535,0.116,0.543
0.779,137.637,3.140,6.231,4.870,0.541,0.118,0.838
0.779,137.943,2.965,6.028,4.692,0.547,0.119,1.145
0.780,138.259,2.785,5.819,4.510,0.554,0.121,1.460
0.781,138.582,2.605,5.606,4.329,0.561,0.122,1.783
0.782,138.910,2.426,5.390,4.149,0.567,0.124,2.111
0.782,139.242,2.252,5.174,3.976,0.574,0.125,2.443
0.783,139.575,2.086,4.958,3.811,0.581,0.127,2.776
0.784,139.908,1.931,4.745,3.657,0.588,0.128,3.109
0.784,140.239,1.789,4.536,3.517,0.595,0.130,3.440
0.785,140.567,1.665,4.332,3.394,0.601,0.131,3.768
0.786,140.889,1.560,4.137,3.291,0.608,0.133,4.090
0.787,141.206,1.478,3.950,3.211,0.614,0.134,4.407
0.787,141.516,1.421,3.774,3.157,0.621,0.136,4.717
0.788,141.818,1.394,3.611,3.131,0.627,0.137,5.018
0.789,142.110,1.396,3.461,3.134,0.633,0.139,5.311
0.789,142.393,1.425,3.325,3.165,0.639,0.140,5.593
0.790,142.664,1.478,3.202,3.218,0.644,0.141,5.864
0.791,142.922,1.551,3.092,3.292,0.650,0.142,6.122
0.792,143.167,1.641,2.994,3.381,0.655,0.143,6.367
0.792,143.397,1.744,2.908,3.484,0.659,0.144,6.597
0.793,143.611,1.856,2.834,3.596,0.664,0.145,6.812
0.794,143.809,1.974,2.771,3.714,0.668,0.146,7.009
0.794,143.988,2.095,2.720,3.834,0.671,0.147,7.189
0.795,144.149,2.215,2.679,3.954,0.675,0.148,7.349
0.796,144.289,2.331,2.648,4.069,0.678,0.149,7.489
0.797,144.409,2.438,2.627,4.176,0.680,0.149,7.609
0.797,144.509,2.534,2.616,4.272,0.682,0.150,7.709
0.798,144.590,2.616,2.613,4.352,0.684,0.150,7.790
0.799,144.652,2.679,2.620,4.416,0.685,0.150,7.852
0.799,144.696,2.726,2.634,4.462,0.686,0.150,7.896
0.800,144.722,2.757,2.654,4.493,0.686,0.151,7.922
0.801,144.732,2.774,2.678,4.509,0.687,0.151,7.931
0.802,144.739,2.777,2.705,4.513,0.687,0.151,7.924
0.802,144.762,2.769,2.734,4.504,0.686,0.150,7.900
0.803,144.801,2.750,2.763,4.486,0.685,0.150,7.862
0.804,144.855,2.722,2.790,4.458,0.684,0.150,7.808
0.804,144.924,2.687,2.814,4.422,0.683,0.150,7.739
0.805,145.006,2.644,2.834,4.380,0.681,0.149,7.657
0.806,145.101,2.597,2.848,4.333,0.679,0.149,7.562
0.807,145.210,2.545,2.854,4.282,0.677,0.148,7.453
0.807,145.330,2.491,2.852,4.228,0.675,0.148,7.333
0.808,145.459,2.436,2.840,4.173,0.672,0.147,7.204
0.809,145.592,2.381,2.816,4.117,0.669,0.146,7.071
0.809,145.723,2.327,2.783,4.064,0.667,0.146,6.940
0.810,145.848,2.277,2.743,4.014,0.664,0.145,6.815
0.811,145.961,2.234,2.700,3.971,0.662,0.145,6.702
0.812,146.058,2.197,2.656,3.935,0.660,0.144,6.605
0.812,146.133,2.171,2.615,3.908,0.658,0.144,6.530
0.813,146.181,2.156,2.579,3.894,0.657,0.144,6.482
0.814,146.197,2.156,2.551,3.893,0.657,0.144,6.466
0.814,146.218,2.170,2.534,3.908,0.657,0.144,6.487
0.815,146.281,2.202,2.531,3.940,0.659,0.144,6.550
0.816,146.391,2.254,2.545,3.992,0.661,0.144,6.660
0.817,146.553,2.328,2.579,4.065,0.664,0.145,6.823
0.817,146.773,2.425,2.635,4.162,0.669,0.146,7.042
0.818,147.055,2.547,2.718,4.284,0.674,0.147,7.324
0.819,147.404,2.697,2.828,4.433,0.681,0.149,7.673
0.819,147.815,2.871,2.966,4.608,0.689,0.151,8.084
0.820,148.280,3.067,3.127,4.803,0.699,0.153,8.549
0.821,148.791,3.281,3.309,5.017,0.709,0.155,9.060
0.822,149.339,3.508,3.508,5.244,0.720,0.158,9.607
0.822,149.914,3.746,3.721,5.482,0.731,0.160,10.183
0.823,150.509,3.989,3.945,5.725,0.743,0.163,10.778
0.824,151.115,4.235,4.175,5.972,0.755,0.166,11.383
0.824,151.723,4.479,4.410,6.217,0.768,0.168,11.991
0.825,152.324,4.718,4.646,6.456,0.780,0.171,12.593
0.826,152.911,4.948,4.879,6.687,0.791,0.174,13.179
0.827,153.474,5.164,5.106,6.906,0.803,0.176,13.742
0.827,154.004,5.364,5.324,7.108,0.813,0.179,14.272
0.828,154.494,5.544,5.530,7.290,0.823,0.181,14.762
0.829,154.934,5.699,5.720,7.448,0.832,0.183,15.202
0.829,155.316,5.829,5.893,7.581,0.840,0.184,15.584
0.830,155.632,5.935,6.049,7.692,0.846,0.186,15.900
0.831,155.884,6.020,6.188,7.781,0.851,0.187,16.152
0.832,156.076,6.086,6.310,7.851,0.855,0.188,16.344
0.832,156.214,6.133,6.415,7.902,0.858,0.189,16.481
0.833,156.302,6.164,6.503,7.937,0.860,0.189,16.569
0.834,156.345,6.181,6.574,7.958,0.860,0.189,16.612
0.834,156.348,6.185,6.628,7.965,0.861,0.189,16.615
0.835,156.380,6.178,6.665,7.961,0.860,0.189,16.584
0.836,156.441,6.162,6.686,7.948,0.859,0.189,16.522
0.837,156.528,6.138,6.690,7.926,0.857,0.188,16.435
0.837,156.635,6.109,6.677,7.898,0.855,0.188,16.328
0.838,156.757,6.076,6.647,7.865,0.852,0.187,16.206
0.839,156.889,6.040,6.601,7.829,0.850,0.187,16.074
0.839,157.027,6.004,6.539,7.791,0.847,0.186,15.937
0.840,157.165,5.967,6.466,7.752,0.844,0.186,15.799
0.841,157.299,5.931,6.382,7.713,0.842,0.185,15.665
0.842,157.423,5.896,6.293,7.674,0.839,0.184,15.541
0.842,157.536,5.862,6.200,7.637,0.837,0.184,15.427
0.843,157.638,5.830,6.107,7.601,0.835,0.184,15.326
0.844,157.726,5.801,6.018,7.567,0.833,0.183,15.238
0.844,157.799,5.775,5.934,7.537,0.832,0.183,15.165
0.845,157.857,5.753,5.859,7.511,0.830,0.183,15.107
0.846,157.897,5.735,5.796,7.490,0.830,0.182,15.066
0.847,157.920,5.722,5.748,7.474,0.829,0.182,15.043
0.847,157.924,5.715,5.718,7.465,0.829,0.182,15.040
0.848,157.941,5.715,5.710,7.463,0.829,0.182,15.056
0.849,157.979,5.721,5.725,7.468,0.830,0.183,15.094
0.849,158.039,5.734,5.766,7.481,0.831,0.183,15.154
0.850,158.123,5.753,5.830,7.502,0.833,0.183,15.238
0.851,158.232,5.779,5.915,7.531,0.835,0.184,15.347
0.852,158.367,5.811,6.017,7.565,0.838,0.184,15.482
0.852,158.529,5.849,6.135,7.606,0.841,0.185,15.644
0.853,158.719,5.891,6.266,7.653,0.845,0.186,15.834
0.854,158.934,5.938,6.406,7.704,0.849,0.187,16.049
0.854,159.169,5.989,6.554,7.760,0.854,0.188,16.284
0.855,159.422,6.044,6.707,7.820,0.859,0.189,16.537
0.856,159.689,6.102,6.863,7.884,0.865,0.190,16.804
0.857,159.966,6.163,7.018,7.951,0.870,0.191,17.081
0.857,160.249,6.227,7.170,8.020,0.876,0.193,17.364
0.858,160.535,6.293,7.316,8.091,0.882,0.194,17.650
0.859,160.820,6.361,7.454,8.164,0.887,0.195,17.935
0.859,161.100,6.429,7.583,8.237,0.893,0.196,18.215
0.860,161.372,6.498,7.701,8.311,0.899,0.198,18.486
0.861,161.631,6.567,7.809,8.384,0.904,0.199,18.746
0.862,161.875,6.635,7.907,8.456,0.909,0.200,18.989
0.862,162.099,6.701,7.995,8.525,0.913,0.201,19.214
0.863,162.300,6.765,8.074,8.592,0.917,0.202,19.415
0.864,162.474,6.825,8.144,8.655,0.921,0.202,19.589
0.864,162.619,6.881,8.204,8.713,0.924,0.203,19.733
0.865,162.735,6.932,8.255,8.766,0.926,0.203,19.850
0.866,162.825,6.977,8.298,8.813,0.928,0.204,19.939
0.867,162.890,7.016,8.332,8.853,0.929,0.204,20.005
0.867,162.933,7.048,8.357,8.885,0.930,0.204,20.047
0.868,162.955,7.072,8.374,8.909,0.931,0.204,20.069
0.869,162.958,7.088,8.383,8.923,0.931,0.204,20.072
0.869,162.972,7.094,8.384,8.928,0.931,0.204,20.059
0.870,163.000,7.092,8.378,8.924,0.930,0.204,20.030
0.871,163.042,7.082,8.365,8.912,0.929,0.204,19.988
0.872,163.095,7.067,8.346,8.893,0.928,0.204,19.935
0.872,163.157,7.046,8.322,8.870,0.927,0.203,19.873
0.873,163.226,7.021,8.293,8.842,0.926,0.203,19.804
0.874,163.301,6.994,8.260,8.811,0.924,0.203,19.730
0.874,163.379,6.964,8.224,8.778,0.922,0.202,19.652
0.875,163.458,6.934,8.184,8.745,0.921,0.202,19.572
0.876,163.537,6.904,8.143,8.713,0.919,0.201,19.493
0.877,163.614,6.876,8.100,8.682,0.918,0.201,19.416
0.877,163.687,6.850,8.056,8.654,0.916,0.201,19.344
0.878,163.754,6.827,8.012,8.631,0.915,0.200,19.277
0.879,163.813,6.810,7.968,8.612,0.914,0.200,19.218
0.879,163.862,6.798,7.925,8.601,0.913,0.200,19.169
0.880,163.900,6.792,7.886,8.595,0.912,0.200,19.131
0.881,163.924,6.792,7.852,8.596,0.911,0.200,19.107
0.882,163.933,6.797,7.825,8.603,0.911,0.200,19.098
0.882,163.941,6.806,7.807,8.615,0.911,0.200,19.105
0.883,163.968,6.820,7.802,8.631,0.912,0.200,19.132
0.884,164.016,6.839,7.811,8.653,0.913,0.200,19.180
0.884,164.086,6.861,7.835,8.678,0.914,0.200,19.250
0.885,164.181,6.888,7.879,8.708,0.916,0.201,19.345
0.886,164.302,6.917,7.943,8.741,0.919,0.201,19.466
0.887,164.451,6.950,8.029,8.776,0.922,0.202,19.615
0.887,164.629,6.986,8.141,8.815,0.925,0.203,19.794
0.888,164.835,7.024,8.281,8.856,0.929,0.204,20.000
0.889,165.068,7.064,8.449,8.899,0.934,0.205,20.232
0.889,165.324,7.107,8.650,8.943,0.939,0.206,20.488
0.890,165.603,7.152,8.879,8.990,0.945,0.207,20.767
0.891,165.904,7.200,9.131,9.040,0.951,0.208,21.068
0.892,166.223,7.254,9.402,9.095,0.957,0.210,21.387
0.892,166.561,7.314,9.686,9.155,0.964,0.211,21.725
0.893,166.915,7.381,9.978,9.223,0.971,0.213,22.079
0.894,167.283,7.456,10.273,9.299,0.979,0.215,22.447
0.894,167.665,7.541,10.565,9.384,0.987,0.216,22.828
0.895,168.057,7.637,10.848,9.480,0.994,0.218,23.221
0.896,168.459,7.745,11.119,9.588,1.003,0.220,23.623
0.897,168.869,7.866,11.371,9.709,1.011,0.222,24.033
0.897,169.286,8.001,11.598,9.844,1.019,0.224,24.449
0.898,169.707,8.152,11.797,9.995,1.028,0.226,24.870
0.899,170.131,8.319,11.962,10.163,1.037,0.227,25.294
0.899,170.555,8.504,12.087,10.348,1.045,0.229,25.718
0.900,170.977,8.706,12.172,10.550,1.054,0.231,26.140
0.901,171.395,8.921,12.220,10.766,1.062,0.233,26.558
0.901,171.806,9.146,12.237,10.991,1.071,0.235,26.968
0.902,172.207,9.378,12.226,11.223,1.079,0.237,27.369
0.903,172.596,9.613,12.191,11.458,1.087,0.238,27.758
0.904,172.970,9.849,12.136,11.693,1.094,0.240,28.133
0.904,173.328,10.081,12.065,11.924,1.101,0.242,28.490
0.905,173.666,10.307,11.983,12.148,1.108,0.243,28.828
0.906,173.982,10.524,11.893,12.362,1.115,0.245,29.145
0.906,174.275,10.728,11.799,12.562,1.121,0.246,29.437
0.907,174.540,10.915,11.706,12.744,1.126,0.247,29.702
0.908,174.776,11.083,11.618,12.906,1.131,0.248,29.938
0.909,174.980,11.228,11.538,13.044,1.135,0.249,30.142
0.909,175.150,11.347,11.471,13.155,1.138,0.250,30.312
0.910,175.286,11.439,11.418,13.237,1.141,0.250,30.448
0.911,175.390,11.506,11.379,13.293,1.143,0.251,30.552
0.911,175.464,11.551,11.352,13.327,1.144,0.251,30.626
0.912,175.513,11.576,11.336,13.340,1.145,0.251,30.675
0.913,175.538,11.584,11.329,13.336,1.146,0.251,30.700
0.914,175.542,11.578,11.331,13.318,1.146,0.251,30.704
0.914,175.556,11.559,11.339,13.288,1.145,0.251,30.691
0.915,175.584,11.531,11.353,13.249,1.145,0.251,30.662
0.916,175.625,11.496,11.372,13.204,1.144,0.251,30.622
0.916,175.674,11.456,11.393,13.157,1.143,0.250,30.572
0.917,175.731,11.414,11.415,13.108,1.142,0.250,30.516
0.918,175.791,11.373,11.438,13.063,1.141,0.250,30.456
0.919,175.851,11.335,11.460,13.023,1.140,0.249,30.395
0.919,175.910,11.302,11.479,12.991,1.139,0.249,30.336
0.920,175.964,11.276,11.495,12.969,1.138,0.249,30.282
0.921,176.011,11.258,11.508,12.956,1.137,0.249,30.236
0.921,176.048,11.245,11.517,12.951,1.136,0.248,30.198
0.922,176.078,11.237,11.525,12.953,1.136,0.248,30.169
0.923,176.099,11.235,11.529,12.961,1.136,0.248,30.147
0.924,176.114,11.236,11.532,12.973,1.136,0.248,30.133
0.924,176.122,11.240,11.533,12.990,1.136,0.248,30.124
0.925,176.125,11.247,11.532,13.009,1.136,0.248,30.122
0.926,176.127,11.256,11.529,13.029,1.137,0.248,30.124
0.926,176.134,11.266,11.526,13.050,1.137,0.248,30.131
0.927,176.145,11.277,11.522,13.070,1.137,0.248,30.141
0.928,176.158,11.287,11.517,13.089,1.137,0.248,30.155
0.929,176.174,11.297,11.512,13.105,1.138,0.248,30.171
0.929,176.192,11.305,11.506,13.116,1.138,0.248,30.189
0.930,176.211,11.311,11.501,13.124,1.138,0.249,30.208
0.931,176.231,11.315,11.496,13.126,1.138,0.249,30.227
0.931,176.250,11.317,11.491,13.125,1.137,0.249,30.247
0.932,176.269,11.317,11.486,13.121,1.137,0.249,30.265
0.933,176.286,11.316,11.481,13.113,1.136,0.249,30.283
0.934,176.302,11.313,11.476,13.103,1.135,0.248,30.299
0.934,176.317,11.309,11.471,13.091,1.134,0.247,30.313
0.935,176.329,11.305,11.466,13.077,1.133,0.245,30.325
0.936,176.339,11.299,11.460,13.062,1.131,0.241,30.335
0.936,176.348,11.292,11.455,13.047,1.129,0.236,30.342
0.937,176.357,11.285,11.449,13.031,1.127,0.229,30.346
0.938,176.366,11.277,11.443,13.016,1.125,0.220,30.347
0.939,176.379,11.269,11.436,13.002,1.123,0.208,30.345
0.939,176.395,11.261,11.430,12.988,1.120,0.193,30.339
0.940,176.415,11.253,11.423,12.977,1.118,0.176,30.329
0.941,176.440,11.244,11.414,12.966,1.115,0.155,30.314
0.941,176.471,11.233,11.404,12.955,1.112,0.131,30.295
0.942,176.509,11.219,11.391,12.942,1.109,0.102,30.271
0.943,176.552,11.202,11.374,12.927,1.105,0.070,30.243
0.944,176.603,11.180,11.353,12.908,1.102,0.033,30.208
0.944,176.660,11.153,11.326,12.883,1.097,-0.009,30.169
0.945,176.724,11.119,11.293,12.853,1.092,-0.057,30.127
0.946,176.795,11.077,11.253,12.815,1.085,-0.112,30.083
0.946,176.872,11.027,11.206,12.769,1.076,-0.174,30.038
0.947,176.956,10.968,11.149,12.714,1.063,-0.244,29.994
0.948,177.047,10.899,11.083,12.647,1.048,-0.323,29.951
0.949,177.147,10.818,11.007,12.569,1.028,-0.412,29.912
0.949,177.255,10.725,10.919,12.478,1.003,-0.512,29.878
0.950,177.373,10.619,10.820,12.372,0.973,-0.623,29.849
0.951,177.503,10.500,10.708,12.253,0.937,-0.746,29.828
0.951,177.646,10.370,10.586,12.122,0.895,-0.882,29.815
0.952,177.803,10.229,10.454,11.979,0.845,-1.031,29.812
0.953,177.977,10.078,10.312,11.826,0.788,-1.195,29.821
0.954,178.169,9.920,10.161,11.665,0.722,-1.375,29.842
0.954,178.381,9.753,10.001,11.496,0.648,-1.570,29.877
0.955,178.615,9.581,9.835,11.320,0.564,-1.782,29.927
0.956,178.870,9.403,9.662,11.139,0.471,-2.010,29.992
0.956,179.143,9.221,9.482,10.954,0.371,-2.252,30.070
0.957,179.434,9.035,9.298,10.765,0.264,-2.508,30.159
0.958,179.741,8.848,9.109,10.575,0.151,-2.775,30.258
0.959,180.060,8.659,8.916,10.384,0.035,-3.052,30.366
0.959,180.389,8.470,8.720,10.194,-0.084,-3.337,30.480
0.960,180.727,8.282,8.521,10.006,-0.205,-3.630,30.599
0.961,181.071,8.096,8.321,9.820,-0.326,-3.927,30.722
0.961,181.419,7.912,8.121,9.637,-0.446,-4.229,30.846
0.962,181.768,7.731,7.922,9.457,-0.565,-4.532,30.971
0.963,182.116,7.553,7.724,9.282,-0.680,-4.837,31.095
0.964,182.461,7.379,7.529,9.111,-0.790,-5.141,31.216
0.964,182.801,7.210,7.339,8.945,-0.895,-5.442,31.333
0.965,183.134,7.047,7.153,8.785,-0.994,-5.740,31.444
0.966,183.457,6.889,6.974,8.630,-1.084,-6.032,31.547
0.966,183.768,6.738,6.803,8.482,-1.165,-6.318,31.641
0.967,184.068,6.593,6.640,8.342,-1.237,-6.596,31.726
0.968,184.357,6.456,6.486,8.208,-1.300,-6.867,31.804
0.969,184.635,6.328,6.344,8.083,-1.356,-7.130,31.874
0.969,184.902,6.208,6.213,7.966,-1.404,-7.385,31.938
0.970,185.159,6.098,6.095,7.859,-1.446,-7.632,31.996
0.971,185.406,5.997,5.990,7.760,-1.483,-7.870,32.050
0.971,185.643,5.906,5.898,7.671,-1.514,-8.100,32.099
0.972,185.870,5.823,5.818,7.590,-1.541,-8.321,32.146
0.973,186.088,5.749,5.748,7.517,-1.563,-8.533,32.191
0.974,186.296,5.683,5.688,7.452,-1.583,-8.735,32.234
0.974,186.495,5.624,5.637,7.394,-1.600,-8.928,32.277
0.975,186.683,5.573,5.595,7.344,-1.615,-9.111,32.320
0.976,186.863,5.529,5.560,7.300,-1.629,-9.285,32.365
0.976,187.033,5.492,5.532,7.262,-1.642,-9.448,32.411
0.977,187.195,5.461,5.510,7.231,-1.655,-9.601,32.461
0.978,187.347,5.436,5.493,7.205,-1.669,-9.743,32.514
0.979,187.492,5.417,5.480,7.185,-1.683,-9.876,32.570
0.979,187.629,5.403,5.470,7.170,-1.698,-9.998,32.629
0.980,187.758,5.393,5.464,7.159,-1.713,-10.111,32.691
0.981,187.882,5.388,5.459,7.153,-1.729,-10.216,32.755
0.981,187.999,5.388,5.456,7.150,-1.745,-10.312,32.821
0.982,188.110,5.390,5.455,7.151,-1.761,-10.400,32.887
0.983,188.216,5.396,5.455,7.155,-1.777,-10.480,32.954
0.984,188.317,5.403,5.457,7.161,-1.792,-10.554,33.021
0.984,188.413,5.413,5.460,7.169,-1.807,-10.620,33.088
0.985,188.503,5.425,5.464,7.178,-1.822,-10.681,33.154
0.986,188.589,5.437,5.469,7.188,-1.837,-10.736,33.218
0.986,188.671,5.450,5.475,7.198,-1.850,-10.786,33.281
0.987,188.747,5.462,5.481,7.209,-1.863,-10.831,33.341
0.988,188.818,5.475,5.488,7.218,-1.875,-10.871,33.399
0.989,188.885,5.486,5.495,7.227,-1.886,-10.908,33.453
0.989,188.946,5.495,5.502,7.234,-1.895,-10.941,33.504
0.990,189.002,5.503,5.509,7.240,-1.904,-10.971,33.551
0.991,189.054,5.508,5.516,7.243,-1.911,-10.998,33.594
0.991,189.102,5.511,5.522,7.243,-1.918,-11.022,33.635
0.992,189.146,5.511,5.528,7.242,-1.923,-11.044,33.673
0.993,189.186,5.510,5.535,7.239,-1.928,-11.063,33.708
0.994,189.223,5.507,5.541,7.234,-1.932,-11.080,33.741
0.994,189.258,5.503,5.546,7.227,-1.935,-11.096,33.771
0.995,189.289,5.497,5.552,7.219,-1.938,-11.109,33.800
0.996,189.319,5.490,5.558,7.210,-1.940,-11.121,33.827
0.996,189.347,5.482,5.563,7.200,-1.942,-11.132,33.853
0.997,189.373,5.473,5.569,7.189,-1.943,-11.141,33.877
0.998,189.398,5.463,5.574,7.177,-1.944,-11.150,33.900
0.999,189.422,5.453,5.579,7.165,-1.945,-11.158,33.923
0.999,189.446,5.442,5.585,7.152,-1.946,-11.166,33.945
1.000,189.469,5.431,5.590,7.140,-1.946,-11.174,33.967
