"LayerId","Radius","FreeRadius","BRadius","LocalMinimum","StartDistance","EndDistance","Charge","Ionizable","Hydropathy","Hydrophobicity","Polarity","Mutability","LogP","LogD","LogS"
1,9.31,9.62,10.81,0,0.00,0.63,-2,2,-1.82,-0.79,21.26,89,-0.11,-1.22,1.36
2,7.38,7.68,8.76,0,0.63,3.18,-2,2,-1.40,-0.72,25.70,90,-0.06,-1.45,1.67
3,6.90,7.19,8.24,0,3.18,3.73,-2,2,-1.73,-0.69,33.13,90,0.21,-1.64,1.95
4,5.21,5.45,6.57,0,3.73,7.09,-2,2,-3.50,-1.04,49.70,86,-0.22,-3.00,2.63
5,4.43,4.77,5.83,0,7.09,8.35,-2,2,-3.40,-0.61,50.33,87,-0.15,-2.04,1.69
6,2.63,2.62,3.96,0,8.35,11.69,-1,1,-3.35,-0.39,50.65,88,-0.12,-1.56,1.22
7,2.46,2.47,3.87,0,11.69,12.74,0,0,-1.80,-0.27,27.49,91,-0.44,-0.49,0.31
8,2.35,2.46,3.81,0,12.74,13.64,0,0,-1.33,-0.45,19.45,91,-0.58,-0.61,0.47
9,1.86,2.02,3.42,1,13.64,16.65,0,0,-1.80,-0.27,27.49,91,-0.44,-0.49,0.31
10,1.86,2.00,3.39,1,16.65,19.27,0,0,-1.33,-0.45,19.45,91,-0.58,-0.61,0.47
11,2.53,2.48,4.05,0,19.27,19.79,1,1,-2.13,-0.44,27.59,87,-0.45,-1.08,0.76
12,2.75,2.73,4.29,0,19.79,22.28,1,1,-2.70,-0.32,35.66,87,-0.32,-1.15,0.75
13,3.79,4.36,5.43,0,22.28,22.66,1,1,-2.70,-0.32,35.66,87,-0.32,-1.15,0.75
14,3.92,4.12,5.57,0,22.66,25.03,0,2,-2.90,-0.53,39.22,83,-0.12,-1.40,1.12
15,4.11,4.22,5.70,0,25.03,25.92,0,2,-2.80,-0.79,35.09,80,-0.15,-1.82,1.56
16,4.29,4.46,5.88,0,25.92,26.65,1,3,-3.23,-0.70,39.32,81,-0.14,-1.99,1.58
17,4.53,4.79,6.16,0,26.65,27.34,2,4,-4.25,-0.60,51.48,81,0.06,-2.40,1.78
18,4.57,5.39,6.24,0,27.34,27.77,4,4,-4.35,-0.42,51.38,80,0.12,-2.35,1.59
19,4.68,5.63,6.37,0,27.77,31.17,3,3,-3.43,-0.56,38.79,88,0.00,-1.85,1.46
20,6.12,7.23,7.86,0,31.17,31.83,3,3,-2.18,-0.17,31.10,81,0.50,-0.98,0.80
21,6.43,7.57,8.17,0,31.83,32.41,3,3,-2.53,0.03,38.46,72,0.76,-1.10,0.73
22,6.70,7.90,8.44,0,32.41,34.27,2,2,-0.85,0.47,26.18,67,1.21,0.00,-0.09
23,7.27,9.24,9.01,0,34.27,35.11,2,2,-0.85,0.47,26.18,67,1.21,0.00,-0.09
24,7.20,9.56,8.94,0,35.11,35.28,2,2,-2.07,0.17,34.78,72,0.78,-0.83,0.48
25,7.03,9.46,8.79,0,35.28,37.01,2,2,-0.85,0.47,26.18,67,1.21,0.00,-0.09
26,6.96,9.34,8.74,0,37.01,38.62,1,1,0.37,0.76,17.57,61,1.63,0.83,-0.66
27,6.95,9.16,8.74,1,38.62,42.47,0,0,2.80,1.35,0.35,51,2.49,2.49,-1.81
28,7.16,9.18,8.98,0,42.47,45.81,0,0,2.80,1.35,0.35,51,2.49,2.49,-1.81
29,7.81,9.58,9.67,0,45.81,46.80,-1,1,0.70,0.55,16.80,62,1.59,0.66,-0.33
30,8.23,9.90,10.09,0,46.80,47.27,-5,5,-3.50,-1.04,49.70,86,-0.22,-3.00,2.63
31,8.63,10.22,10.50,0,47.27,47.35,-1,5,-3.90,-0.79,50.62,84,-0.16,-2.80,2.23
32,8.96,10.48,10.83,0,47.35,47.55,-3,5,-3.70,-0.92,50.16,85,-0.19,-2.90,2.43
33,9.16,10.64,11.03,0,47.55,47.88,-3,5,-3.70,-0.92,50.16,85,-0.19,-2.90,2.43
34,9.21,10.67,11.07,0,47.88,48.23,-5,5,-3.50,-1.04,49.70,86,-0.22,-3.00,2.63
35,9.16,10.61,11.00,0,48.23,48.47,-4,4,-2.24,-0.56,39.83,79,0.32,-1.90,1.74
36,8.78,10.24,10.62,1,48.47,48.84,0,0,2.80,1.35,0.35,51,2.49,2.49,-1.81
37,8.87,10.28,10.72,0,48.84,48.92,-1,1,1.54,0.87,10.22,58,1.95,1.39,-0.92
38,8.94,10.32,10.80,0,48.92,48.97,-4,4,-2.24,-0.56,39.83,79,0.32,-1.90,1.74
39,9.03,10.39,10.89,0,48.97,48.98,-4,4,-2.24,-0.56,39.83,79,0.32,-1.90,1.74
40,9.00,10.39,10.85,0,48.98,49.05,-4,4,-2.24,-0.56,39.83,79,0.32,-1.90,1.74
41,8.97,10.37,10.81,0,49.05,49.10,-4,4,-2.24,-0.56,39.83,79,0.32,-1.90,1.74
42,8.94,10.35,10.77,0,49.10,49.15,0,0,2.80,1.35,0.35,51,2.49,2.49,-1.81
43,8.93,10.32,10.76,1,49.15,49.22,0,0,2.80,1.35,0.35,51,2.49,2.49,-1.81
44,8.97,10.32,10.82,0,49.22,49.29,0,0,2.80,1.35,0.35,51,2.49,2.49,-1.81
45,9.00,10.35,10.85,0,49.29,49.42,-1,1,1.54,0.87,10.22,58,1.95,1.39,-0.92
46,9.02,10.38,10.88,0,49.42,49.60,-4,4,-2.24,-0.56,39.83,79,0.32,-1.90,1.74
47,9.03,10.44,10.90,0,49.60,49.99,-5,5,-3.50,-1.04,49.70,86,-0.22,-3.00,2.63
48,9.04,10.56,10.91,0,49.99,50.17,-3,5,-3.70,-0.92,50.16,85,-0.19,-2.90,2.43
49,9.05,10.61,10.92,0,50.17,50.37,-3,5,-3.70,-0.92,50.16,85,-0.19,-2.90,2.43
50,9.06,10.66,10.93,0,50.37,50.39,3,5,-4.30,-0.54,51.54,83,-0.11,-2.59,1.83
51,9.07,10.63,10.93,0,50.39,50.46,3,5,-4.30,-0.54,51.54,83,-0.11,-2.59,1.83
52,9.04,10.64,10.91,0,50.46,50.50,-3,5,-3.70,-0.92,50.16,85,-0.19,-2.90,2.43
53,9.01,10.71,10.88,0,50.50,50.57,3,5,-4.30,-0.54,51.54,83,-0.11,-2.59,1.83
54,8.97,10.55,10.82,1,50.57,51.04,3,5,-4.30,-0.54,51.54,83,-0.11,-2.59,1.83
55,9.12,10.40,10.98,0,51.04,51.30,-3,5,-3.70,-0.92,50.16,85,-0.19,-2.90,2.43
56,9.17,10.28,11.03,0,51.30,51.58,-5,5,-3.50,-1.04,49.70,86,-0.22,-3.00,2.63
57,9.00,10.40,10.87,0,51.58,52.27,-5,5,-3.50,-1.04,49.70,86,-0.22,-3.00,2.63
58,8.81,11.14,10.68,0,52.27,53.17,-3,5,-3.70,-0.92,50.16,85,-0.19,-2.90,2.43
59,8.36,11.60,10.22,0,53.17,55.74,3,5,-4.30,-0.54,51.54,83,-0.11,-2.59,1.83
60,7.94,12.22,9.78,0,55.74,59.27,4,4,-4.50,-0.42,52.00,83,-0.08,-2.49,1.63
61,7.92,11.95,9.74,1,59.27,59.82,4,4,-2.84,-0.11,41.63,77,0.35,-1.58,0.95
62,7.93,11.62,9.75,0,59.82,60.02,1,1,2.14,0.83,10.50,59,1.65,1.17,-1.11
63,7.98,11.33,9.79,0,60.02,60.07,0,0,3.80,1.14,0.13,54,2.08,2.08,-1.79
64,8.05,11.09,9.86,0,60.07,60.82,1,1,2.14,0.83,10.50,59,1.65,1.17,-1.11
65,8.36,11.39,10.19,0,60.82,60.94,4,4,-2.84,-0.11,41.63,77,0.35,-1.58,0.95
66,8.41,11.59,10.26,0,60.94,61.03,1,1,2.14,0.83,10.50,59,1.65,1.17,-1.11
67,8.30,11.57,10.12,0,61.03,62.25,4,4,-2.84,-0.11,41.63,77,0.35,-1.58,0.95
68,8.21,11.42,10.03,0,62.25,63.05,1,1,2.14,0.83,10.50,59,1.65,1.17,-1.11
69,7.63,10.21,9.44,0,63.05,66.46,0,0,3.80,1.14,0.13,54,2.08,2.08,-1.79
70,7.17,9.23,8.98,0,66.46,68.39,0,0,2.90,0.76,0.44,64,1.63,1.63,-1.28
71,6.83,8.57,8.64,1,68.39,70.15,0,0,0.20,-0.39,1.35,96,0.29,0.29,0.26
72,6.93,8.92,8.73,0,70.15,71.77,0,0,2.90,0.76,0.44,64,1.63,1.63,-1.28
73,6.93,9.21,8.74,0,71.77,72.71,0,0,2.90,0.76,0.44,64,1.63,1.63,-1.28
74,6.80,9.07,8.60,0,72.71,76.02,0,0,0.20,-0.39,1.35,96,0.29,0.29,0.26
75,6.78,9.05,8.58,1,76.02,79.99,0,0,-0.70,-0.77,1.66,107,-0.16,-0.16,0.77
76,6.97,9.30,8.77,0,79.99,82.96,0,0,-0.70,-0.77,1.66,107,-0.16,-0.16,0.77
77,7.53,10.03,9.34,0,82.96,83.65,4,4,-3.90,-0.41,49.50,72,0.70,-1.91,1.46
78,7.87,10.46,9.67,0,83.65,83.89,3,5,-3.82,-0.56,49.58,73,0.66,-1.95,1.61
79,8.18,10.82,9.98,0,83.89,84.31,3,5,-3.82,-0.56,49.58,73,0.66,-1.95,1.61
80,8.52,11.03,10.32,0,84.31,85.09,4,4,-3.90,-0.41,49.50,72,0.70,-1.91,1.46
81,8.31,10.52,10.11,1,85.09,85.96,1,1,-1.34,-0.70,11.23,100,0.01,-0.51,0.91
82,8.41,10.94,10.22,0,85.96,86.26,4,4,-3.26,-0.48,39.93,79,0.53,-1.56,1.32
83,8.46,11.08,10.27,0,86.26,86.92,4,4,-3.90,-0.41,49.50,72,0.70,-1.91,1.46
84,8.49,11.09,10.29,0,86.92,87.24,3,5,-3.82,-0.56,49.58,73,0.66,-1.95,1.61
85,8.43,10.83,10.21,0,87.24,87.72,3,5,-3.82,-0.56,49.58,73,0.66,-1.95,1.61
86,8.33,10.49,10.12,1,87.72,88.19,-3,5,-3.58,-0.99,49.82,76,0.52,-2.08,2.08
87,8.36,10.67,10.16,0,88.19,89.00,3,5,-3.82,-0.56,49.58,73,0.66,-1.95,1.61
88,8.35,10.59,10.14,0,89.00,89.46,-3,5,-3.58,-0.99,49.82,76,0.52,-2.08,2.08
89,8.29,10.13,10.07,0,89.46,90.63,-3,5,-3.58,-0.99,49.82,76,0.52,-2.08,2.08
90,8.22,9.64,9.99,0,90.63,91.69,-4,4,-3.50,-1.14,49.90,77,0.48,-2.12,2.23
91,8.19,9.45,9.96,0,91.69,92.04,-4,4,-3.50,-1.14,49.90,77,0.48,-2.12,2.23
92,8.15,9.28,9.92,0,92.04,92.26,-4,4,-3.50,-1.14,49.90,77,0.48,-2.12,2.23
93,8.14,9.27,9.91,0,92.26,92.31,-4,4,-1.96,-0.69,39.95,81,0.74,-1.34,1.52
94,8.14,9.29,9.90,1,92.31,92.65,-4,4,-3.50,-1.14,49.90,77,0.48,-2.12,2.23
95,8.15,9.39,9.92,0,92.65,92.95,-4,4,-3.50,-1.14,49.90,77,0.48,-2.12,2.23
96,8.13,9.29,9.90,0,92.95,93.33,-4,4,-3.50,-1.14,49.90,77,0.48,-2.12,2.23
97,8.10,9.24,9.89,0,93.33,93.55,-4,4,-1.96,-0.69,39.95,81,0.74,-1.34,1.52
98,8.09,9.22,9.89,0,93.55,93.62,-4,4,-1.96,-0.69,39.95,81,0.74,-1.34,1.52
99,8.08,9.18,9.89,1,93.62,93.68,-1,1,2.66,0.68,10.08,93,1.54,1.02,-0.59
100,8.09,9.18,9.91,1,93.68,93.70,-1,1,2.66,0.68,10.08,93,1.54,1.02,-0.59
101,8.09,9.18,9.92,1,93.70,93.71,-2,2,1.12,0.22,20.04,89,1.27,0.23,0.11
102,8.09,9.19,9.92,1,93.71,93.71,-4,4,-1.96,-0.69,39.95,81,0.74,-1.34,1.52
103,8.09,9.19,9.89,1,93.71,93.80,-1,1,2.66,0.68,10.08,93,1.54,1.02,-0.59
104,8.09,9.19,9.88,0,93.80,94.25,-4,4,-1.96,-0.69,39.95,81,0.74,-1.34,1.52
105,7.97,9.02,9.78,0,94.25,95.52,-1,1,2.66,0.68,10.08,93,1.54,1.02,-0.59
106,7.88,8.93,9.66,0,95.52,96.03,0,0,4.12,1.13,0.13,89,1.86,1.86,-1.40
107,7.76,8.89,9.48,1,96.03,96.47,0,0,3.88,1.14,0.13,62,2.02,2.02,-1.69
108,7.81,8.91,9.55,0,96.47,96.68,0,0,3.88,1.14,0.13,62,2.02,2.02,-1.69
109,7.88,8.91,9.63,0,96.68,97.07,0,0,4.12,1.13,0.13,89,1.86,1.86,-1.40
110,7.89,8.93,9.71,0,97.07,97.57,-1,1,2.66,0.68,10.08,93,1.54,1.02,-0.59
111,7.70,9.00,9.51,0,97.57,98.19,0,0,4.12,1.13,0.13,89,1.86,1.86,-1.40
112,7.44,9.04,9.23,0,98.19,99.05,0,0,3.88,1.14,0.13,62,2.02,2.02,-1.69
113,6.83,9.09,8.56,0,99.05,101.08,0,0,3.88,1.14,0.13,62,2.02,2.02,-1.69
114,6.54,9.16,8.25,0,101.08,102.04,0,0,2.34,0.69,0.81,60,1.60,1.60,-1.41
115,6.29,9.18,7.99,0,102.04,102.82,0,0,2.34,0.69,0.81,60,1.60,1.60,-1.41
116,6.11,9.18,7.79,0,102.82,103.35,0,0,2.34,0.69,0.81,60,1.60,1.60,-1.41
117,5.89,9.15,7.59,1,103.35,103.77,0,0,-3.50,-1.10,3.53,84,-0.33,-0.33,0.13
118,5.93,9.13,7.64,0,103.77,103.99,0,0,-3.50,-1.10,3.53,84,-0.33,-0.33,0.13
119,6.02,9.10,7.73,0,103.99,104.55,0,0,-2.04,-0.65,2.85,78,0.15,0.15,-0.25
120,6.23,9.09,7.94,0,104.55,104.80,0,0,2.34,0.69,0.81,60,1.60,1.60,-1.41
121,5.94,9.09,7.64,0,104.80,106.15,0,0,2.34,0.69,0.81,60,1.60,1.60,-1.41
122,4.94,8.80,6.66,0,106.15,108.94,0,0,-3.50,-1.10,3.53,84,-0.33,-0.33,0.13
123,4.51,8.60,6.25,0,108.94,109.84,0,0,-3.50,-1.10,3.53,84,-0.33,-0.33,0.13
124,3.73,8.18,5.49,0,109.84,111.05,0,0,-3.50,-1.10,3.53,84,-0.33,-0.33,0.13
125,3.28,7.92,5.05,1,111.05,111.66,0,0,-3.50,-1.10,3.53,84,-0.33,-0.33,0.13
126,3.48,8.04,5.22,0,111.66,112.26,0,0,-3.50,-1.10,3.53,84,-0.33,-0.33,0.13
127,3.77,8.23,5.50,0,112.26,112.54,0,0,-3.50,-1.10,3.53,84,-0.33,-0.33,0.13
128,3.72,8.16,5.50,0,112.54,114.22,0,0,-3.50,-1.10,3.53,84,-0.33,-0.33,0.13
129,3.53,7.97,5.32,0,114.22,115.26,0,0,-3.50,-1.10,3.53,84,-0.33,-0.33,0.13
130,3.31,7.73,5.10,0,115.26,116.42,0,0,-3.50,-1.10,3.53,84,-0.33,-0.33,0.13
131,2.77,7.07,4.56,0,116.42,119.49,0,0,-3.50,-1.10,3.53,84,-0.33,-0.33,0.13
132,2.74,6.97,4.54,1,119.49,120.00,0,0,-3.50,-1.10,3.53,84,-0.33,-0.33,0.13
133,2.81,6.95,4.60,0,120.00,121.15,0,0,-3.50,-1.10,3.53,84,-0.33,-0.33,0.13
134,2.76,6.99,4.56,1,121.15,121.91,0,0,-3.50,-1.10,3.53,84,-0.33,-0.33,0.13
135,2.99,6.93,4.78,0,121.91,124.30,0,0,-3.50,-1.10,3.53,84,-0.33,-0.33,0.13
136,3.88,6.93,5.68,0,124.30,124.88,0,0,-3.50,-1.10,3.53,84,-0.33,-0.33,0.13
137,4.05,6.93,5.87,0,124.88,125.33,0,0,-1.90,-0.52,2.85,87,0.18,0.18,-0.27
138,4.19,6.94,6.02,0,125.33,126.11,0,0,2.90,1.23,0.81,99,1.73,1.73,-1.45
139,4.40,6.92,6.22,0,126.11,126.75,0,0,-1.90,-0.52,2.85,87,0.18,0.18,-0.27
140,4.40,6.93,6.23,1,126.75,127.90,0,0,2.90,1.23,0.81,99,1.73,1.73,-1.45
141,4.46,7.00,6.31,0,127.90,129.00,0,0,4.50,1.81,0.13,103,2.24,2.24,-1.85
142,4.57,7.09,6.42,0,129.00,129.27,0,0,4.50,1.81,0.13,103,2.24,2.24,-1.85
143,4.61,7.11,6.47,0,129.27,129.59,0,0,4.50,1.81,0.13,103,2.24,2.24,-1.85
144,4.59,6.97,6.44,0,129.59,129.95,0,0,4.50,1.81,0.13,103,2.24,2.24,-1.85
145,4.57,6.95,6.42,1,129.95,130.42,0,0,4.50,1.81,0.13,103,2.24,2.24,-1.85
146,4.57,7.17,6.43,1,130.42,132.70,0,0,4.50,1.81,0.13,103,2.24,2.24,-1.85
147,4.56,7.86,6.42,0,132.70,133.24,0,0,4.16,1.72,0.17,92,2.29,2.29,-1.84
148,4.53,7.89,6.38,0,133.24,133.65,0,0,4.36,1.68,0.13,93,2.21,2.21,-1.84
149,4.40,7.52,6.16,1,133.65,134.26,0,0,3.94,1.27,0.13,63,2.11,2.11,-1.80
150,4.46,7.59,6.23,0,134.26,134.44,0,0,3.94,1.27,0.13,63,2.11,2.11,-1.80
151,4.36,7.71,6.17,0,134.44,135.38,0,0,4.36,1.68,0.13,93,2.21,2.21,-1.84
152,4.15,7.45,5.94,0,135.38,135.90,0,0,3.94,1.27,0.13,63,2.11,2.11,-1.80
153,3.86,7.09,5.62,0,135.90,136.57,0,0,3.60,1.18,0.17,53,2.16,2.16,-1.79
154,2.12,5.00,3.85,0,136.57,139.96,0,0,3.80,1.14,0.13,54,2.08,2.08,-1.79
155,1.47,3.93,3.20,0,139.96,141.62,0,0,3.80,1.14,0.13,54,2.08,2.08,-1.79
156,1.39,3.15,3.13,1,141.62,143.00,0,0,3.80,1.14,0.13,54,2.08,2.08,-1.79
157,1.76,2.73,3.50,0,143.00,143.92,0,0,3.80,1.14,0.13,54,2.08,2.08,-1.79
158,2.38,2.61,4.12,0,143.92,144.94,0,0,0.65,-0.32,2.57,54,-0.13,-0.13,0.16
159,2.15,2.53,3.89,1,144.94,146.27,0,0,3.80,1.14,0.13,54,2.08,2.08,-1.79
160,2.41,2.62,4.14,0,146.27,147.13,0,0,3.80,1.14,0.13,54,2.08,2.08,-1.79
161,2.78,2.89,4.51,0,147.13,148.41,0,0,0.65,-0.32,2.57,54,-0.13,-0.13,0.16
162,3.32,3.34,5.05,0,148.41,153.10,0,0,-0.40,-0.80,3.38,0,-0.86,-0.86,0.81
163,5.20,5.14,6.94,0,153.10,154.40,0,0,-0.40,-0.80,3.38,0,-0.86,-0.86,0.81
164,5.67,5.69,7.42,0,154.40,155.30,0,0,-1.02,-0.79,3.38,104,-0.89,-0.89,0.76
165,5.98,6.12,7.74,0,155.30,155.77,0,0,-2.88,-0.78,3.38,104,-1.00,-1.00,0.59
166,6.07,6.43,7.86,0,155.77,156.68,0,0,-2.88,-0.78,3.38,104,-1.00,-1.00,0.59
167,5.97,6.48,7.76,0,156.68,157.02,0,0,-2.88,-0.78,3.38,104,-1.00,-1.00,0.59
168,5.80,6.00,7.56,0,157.02,157.43,0,0,-1.02,-0.79,3.38,104,-0.89,-0.89,0.76
169,5.71,5.71,7.46,1,157.43,157.58,0,0,-0.40,-0.80,3.38,0,-0.86,-0.86,0.81
170,5.74,5.78,7.48,0,157.58,158.36,0,0,-1.02,-0.79,3.38,104,-0.89,-0.89,0.76
171,5.91,6.34,7.68,0,158.36,159.00,0,0,-2.88,-0.78,3.38,104,-1.00,-1.00,0.59
172,6.05,6.74,7.83,0,159.00,159.74,0,0,-2.88,-0.78,3.38,104,-1.00,-1.00,0.59
173,6.22,7.15,8.01,0,159.74,161.80,0,0,-3.50,-0.77,3.38,104,-1.03,-1.03,0.54
174,6.76,8.06,8.58,0,161.80,162.21,-1,1,-3.50,-0.84,12.68,98,-0.73,-1.25,0.88
175,6.91,8.23,8.74,0,162.21,162.55,-4,4,-3.50,-1.07,40.60,82,0.18,-1.90,1.89
176,6.97,8.23,8.78,0,162.55,163.11,-4,4,-3.50,-1.07,40.60,82,0.18,-1.90,1.89
177,6.89,8.12,8.70,0,163.11,163.30,-1,1,-3.50,-0.84,12.68,98,-0.73,-1.25,0.88
178,6.79,7.81,8.60,1,163.30,163.81,0,0,-3.50,-0.77,3.38,104,-1.03,-1.03,0.54
179,6.91,7.93,8.74,0,163.81,164.27,-1,1,-3.50,-0.84,12.68,98,-0.73,-1.25,0.88
180,7.01,8.22,8.84,0,164.27,166.65,-4,4,-3.50,-1.07,40.60,82,0.18,-1.90,1.89
181,7.42,10.14,9.26,0,166.65,169.90,-4,4,-3.50,-1.14,49.90,77,0.48,-2.12,2.23
182,8.42,11.78,10.27,0,169.90,174.49,-4,4,-3.50,-1.14,49.90,77,0.48,-2.12,2.23
183,11.22,11.54,13.03,0,174.49,174.88,-4,4,-3.12,-0.93,40.24,73,0.74,-1.34,1.52
184,11.48,11.33,13.27,0,174.88,175.06,0,0,-0.64,-0.66,3.02,58,-0.33,-0.33,0.39
185,11.36,11.34,13.05,0,175.06,175.46,0,0,-0.64,-0.66,3.02,58,-0.33,-0.33,0.39
186,11.28,11.49,12.97,0,175.46,175.57,0,0,-1.36,-0.23,1.94,58,1.27,1.27,-0.88
187,11.24,11.52,12.95,0,175.57,175.62,-4,4,-3.12,-0.93,40.24,73,0.74,-1.34,1.52
188,11.24,11.50,12.98,1,175.62,175.75,-4,4,-3.12,-0.93,40.24,73,0.74,-1.34,1.52
189,11.32,11.49,13.13,0,175.75,175.80,-4,4,-3.12,-0.93,40.24,73,0.74,-1.34,1.52
190,11.31,11.48,13.11,0,175.80,175.83,0,0,-1.36,-0.23,1.94,58,1.27,1.27,-0.88
191,11.29,11.45,13.03,0,175.83,175.89,0,0,-1.12,-0.37,2.30,58,0.74,0.74,-0.46
192,11.24,11.41,12.96,0,175.89,176.05,-1,1,-1.50,-0.58,11.96,64,0.47,-0.05,0.25
193,11.20,11.38,12.93,0,176.05,176.20,-2,2,-2.12,-0.65,21.27,67,0.74,-0.30,0.53
194,10.82,11.01,12.57,0,176.20,176.95,-2,2,-2.12,-0.65,21.27,67,0.74,-0.30,0.53
195,10.55,10.75,12.30,0,176.95,177.35,-1,1,-1.78,-0.53,14.11,64,0.81,0.16,0.11
196,8.79,9.05,10.52,0,177.35,180.21,-1,1,-2.25,-0.70,14.56,79,0.10,-0.55,0.57
197,5.91,5.90,7.67,0,180.21,185.72,0,0,-1.83,-0.55,2.78,81,-0.03,-0.03,0.02
198,5.56,5.58,7.33,0,185.72,186.69,0,0,-1.43,-0.79,3.38,104,-0.92,-0.92,0.72
199,5.39,5.46,7.15,1,186.69,188.19,0,0,-1.25,-0.79,2.95,105,-0.73,-0.73,0.73
200,5.45,5.48,7.20,0,188.19,188.83,-1,1,-2.03,-0.87,14.58,96,-0.39,-1.04,1.09
201,5.43,5.56,7.14,1,188.83,188.96,-1,1,-1.53,-0.90,18.31,92,-0.18,-1.05,1.27

